"state_dist","state_id","district","D_name","D_first_name","D_last_name","R_name","R_first_name","R_last_name","incumbent_party"
"AK01","AK",1,"Sharon Cissna","Sharon","Cissna","Don Young","Don","Young","R"
"AL02","AL",2,"Terese Ford","Therese","Ford","Martha Roby","Martha","Roby","R"
"AL03","AL",3,"John Harris","John","Harris","Mike Rogers","Mike","Rogers","R"
"AL04","AL",4,"Daniel Boman","Daniel","Boman","Robert Aderholt","Robert","Aderholt","R"
"AL05","AL",5,"Charlie Holley","Charlie","Holley","Mo Brooks","Mo","Brooks","R"
"AL06","AL",6,"Penny Bailey","Penny","Bailey","Spencer Bachus","Spencer","Bachus","R"
"AL07","AL",7,"Terri Sewell","Terri","Sewell","Don Chamberlain","Don","Chamberlain","D"
"AR01","AR",1,"Scott Ellington","Scott","Ellington","Rick Crawford","Rick","Crawford","R"
"AR02","AR",2,"Herb Rule","Herb","Rule","Tim Griffin","Tim","Griffin","R"
"AR03","AR",3,"Ken Aden","Ken","Aden","Steve Womack","Steve","Womack","R"
"AR04","AR",4,"Gene Jeffress","Gene","Jeffress","Tom Cotton","Thomas","Cotton","O"
"AZ01","AZ",1,"Ann Kirkpatrick","Ann","Kirkpatrick","Jonathan Paton","Jonathan","Paton","O"
"AZ02","AZ",2,"Ron Barber","Ron","Barber","Martha McSally","Martha","McSally","D"
"AZ03","AZ",3,"Raul Grijalva","Raul","Grijalva","Saucedo Mercer","Saucedo","Mercer","D"
"AZ04","AZ",4,"Johnnie Robinson","Johnnie","Robinson","Paul Gosar","Paul","Gosar","R"
"AZ05","AZ",5,"Spencer Morgan","Spencer","Morgan","Matt Salmon","Matt","Salmon","O"
"AZ06","AZ",6,"Matt Jette","Matt","Jette","David Schweikert","David","Schweikert","R"
"AZ08","AZ",8,"Gene Scharer","Gene","Scharer","Trent Franks","Trent","Franks","R"
"AZ09","AZ",9,"Kyrsten Sinema","Kyrsten","Sinema","Vernon Parker","Vernon","Parker","O"
"CA01","CA",1,"Jim Reed","Jim","Reed","Doug LaMalfa","Doug","LaMalfa","O"
"CA02","CA",2,"Jared Huffman","Jared","Huffman","Dan Roberts","Dan","Roberts","O"
"CA03","CA",3,"John Garamendi","John","Garamendi","Kim Vann","Kim","Vann","D"
"CA04","CA",4,"Jack Uppal","Jack","Uppal","Tom McClintock","Tom","McClintock","R"
"CA05","CA",5,"Mike Thompson","Mike","Thompson","Randy Loftin","Randy","Loftin","D"
"CA06","CA",6,"Doris Matsui","Doris","Matsui","Joseph McCray Sr.","Joseph","McCray","D"
"CA07","CA",7,"Ami Bera","Ami","Bera","Dan Lungren","Dan","Lungren","R"
"CA08","CA",8,"Jackie Conaway","Jackie","Conaway","Gregg Imus","Gregg","Imus","O"
"CA09","CA",9,"Jerry McNerney","Jerry","McNerney","Ricky Gill","Ricky","Gill","D"
"CA10","CA",10,"Jose Hernandez","Jose","Hernandez","Jeff Denham","Jeff","Denham","R"
"CA11","CA",11,"George Miller","George","Miller","Virginia Fuller","Virginia","Fuller","D"
"CA12","CA",12,"Nancy Pelosi","Nancy","Pelosi","John Dennis","John","Dennis","D"
"CA14","CA",14,"Jackie Speier","Jackie","Speier","Debbie Bacigalupi","Debbie","Bacigalupi","D"
"CA16","CA",16,"Jim Costa","Jim","Costa","Brian Whelan","Brian","Whelan","D"
"CA17","CA",17,"Mike Honda","Mike","Honda","Evelyn Li","Evelyn","Li","D"
"CA18","CA",18,"Anna Eshoo","Anna","Eshoo","Dave Chapman","Dave","Chapman","D"
"CA19","CA",19,"Zoe Lofgren","Zoe","Lofgren","Robert Murray","Robert","Murray","D"
"CA20","CA",20,"Sam Farr","Sam","Farr","Jeff Taylor","Jeff","Taylor","D"
"CA21","CA",21,"John Hernandez","John","Hernandez","David Valadao","David","Valadao","O"
"CA22","CA",22,"Otto Lee","Otto","Lee","Devin Nunes","Devin","Nunes","R"
"CA24","CA",24,"Lois Capps","Lois","Capps","Abel Maldonado","Abel","Maldonado","D"
"CA25","CA",25,"Lee Rogers","Lee","Rogers","Buck McKeon","Buck","Mckeon","R"
"CA26","CA",26,"Julia Brownley","Julia","Brownley","Tony Strickland","Tony","Strickland","O"
"CA27","CA",27,"Judy Chu","Judy","Chu","Jack Orswell","Jack","Orswell","D"
"CA28","CA",28,"Adam Schiff","Adam","Schiff","Phil Jennerjahn","Phil","Jennerjahn","D"
"CA29","CA",29,"Tony Cardenas","Tony","Cardenas","David Hernandez","David","Hernandez","O"
"CA32","CA",32,"Grace Napolitano","Grace","Napolitano","David Miller","David","Miller","D"
"CA34","CA",34,"Xavier Becerra","Xavier","Becerra","Stephen Smith","Stephen","Smith","D"
"CA36","CA",36,"Raul Ruiz","Raul","Ruiz","Mary Bono Mack","Bono","Mack","R"
"CA38","CA",38,"Linda Sanchez","Linda","Sanchez","Benjamin Campos","Benjamin","Campos","D"
"CA39","CA",39,"Jay Chen","Jay","Chen","Ed Royce","Ed","Royce","R"
"CA41","CA",41,"Mark Takano","Mark","Takano","John Tavaglione","John","Tavaglione","O"
"CA42","CA",42,"Michael Williamson","Michael","Williamson","Ken Calvert","Ken","Calvert","R"
"CA45","CA",45,"Sukhee Kang","Sukhee","Kang","John Campbell","John","Campbell","R"
"CA46","CA",46,"Loretta Sanchez","Loretta","Sanchez","Jerry Hayden","Jerry","Hayden","D"
"CA47","CA",47,"Alan Lowenthal","Alan","Lowenthal","Gary Delong","Gary","Delong","O"
"CA48","CA",48,"Ron Varasteh","Ron","Varasteh","Dana Rohrabacher","Dana","Rohrabacher","R"
"CA49","CA",49,"Jerry Tetalman","Jerry","Tetalman","Darrell Issa","Darrell","Issa","R"
"CA50","CA",50,"David Secor","David","Secor","Duncan D. Hunter","Duncan","Hunter","R"
"CA51","CA",51,"Juan Vargas","Juan","Vargas","Michael Crimmins","Michael","Crimmins","O"
"CA52","CA",52,"Scott Peters","Scott","Peters","Brian Bilbray","Brian","Bilbray","R"
"CA53","CA",53,"Susan Davis","Susan","Davis","Nick Popaditch","Nick","Popaditch","D"
"CO01","CO",1,"Diana DeGette","Diana","DeGette","Danny Stroud","Danny","Stroud","D"
"CO02","CO",2,"Jared Polis","Jared","Polis","Kevin Lundberg","Kevin","Lundberg","D"
"CO03","CO",3,"Sal Pace","Sal","Pace","Scott Tipton","Scott","Tipton","R"
"CO04","CO",4,"Brandon Shaffer","Brandon","Shaffer","Cory Gardner","Cory","Gardner","R"
"CO05","CO",5,"Bob Evans","Bob","Evans","Doug Lamborn","Doug","Lamborn","R"
"CO06","CO",6,"Joe Miklosi","Joe","Miklosi","Mike Coffman","Mike","Coffman","R"
"CO07","CO",7,"Ed Perlmutter","Ed","Perlmutter","Joe Coors","Joe","Coors","D"
"CT01","CT",1,"John Larson","John","Larson","John Decker","John","Decker","D"
"CT02","CT",2,"Joe Courtney","Joe","Courtney","Paul Formica","Paul","Formica","D"
"CT03","CT",3,"Rosa DeLauro","Rosa","DeLauro","Wayne Winsley","Wayne","Winsley","D"
"CT04","CT",4,"Jim Himes","Jim","Himes","Steve Obsitnik","Steve","Obsitnik","D"
"CT05","CT",5,"Elizabeth Esty","Elizabeth","Esty","Andrew Roraback","Andrew","Roraback","O"
"DE01","DE",1,"John Carney","John","Carney","Tom Kovach","Tom","Kovach","D"
"FL01","FL",1,"Jim Bryan","Jim","Bryan","Jeff Miller","Jeff","Miller","R"
"FL02","FL",2,"Alfred Lawson","Alfred","Lawson","Steve Southerland","Steve","Southerland","R"
"FL03","FL",3,"Jacques Gaillot","Jacques","Gaillot","Ted Yoho","Ted","Yoho","O"
"FL05","FL",5,"Corrine Brown","Corrine","Brown","LeAnne Kolb","LeAnne","Kolb","D"
"FL06","FL",6,"Heather Beaven","Heather","Beaven","Ron DeSantis","Ron","DeSantis","O"
"FL07","FL",7,"Jason Kendall","Jason","Kendall","John Mica","John","Mica","R"
"FL08","FL",8,"Shannon Roberts","Shannon","Roberts","Bill Posey","Bill","Posey","R"
"FL09","FL",9,"Alan Grayson","Alan","Grayson","Todd Long","Todd","Long","O"
"FL10","FL",10,"Val Deming","Val","Deming","Daniel Webster","Daniel","Webster","R"
"FL11","FL",11,"David Werder","David","Werder","Richard Nugent","Richard","Nugent","R"
"FL12","FL",12,"Jonathan Snow","Jonathan","Snow","Gus Bilirakis","Gus","Bilirakis","R"
"FL13","FL",13,"Jessica Ehrlich","Jessica","Ehrlich","Bill Young","Bill","Young","R"
"FL14","FL",14,"Kathy Castor","Kathy","Castor","Evelio Otero","Evelio","Otero","D"
"FL16","FL",16,"Keith Fitzgerald","Keith","Fitzgerald","Vernon Buchanan","Vernon","Buchanan","R"
"FL17","FL",17,"William Bronson","William","Bronson","Tom Rooney","Tom","Rooney","R"
"FL18","FL",18,"Patrick Murphy","Patrick","Murphy","Allen West","Allen","West","R"
"FL19","FL",19,"Jim Roach","Jim","Roach","Trey Radel","Trey","Radel","O"
"FL20","FL",20,"Alcee Hastings","Alcee","Hastings","Joe Goldner","Joe","Goldner","D"
"FL22","FL",22,"Lois Frankel","Lois","Frankel","Adam Hasner","Adam","Hasner","O"
"FL23","FL",23,"Debbie Schultz","Debbie","Schultz","Karen Harrington","Karen","Harrington","D"
"FL26","FL",26,"Joe Garcia","Joe","Garcia","David Rivera","David","Rivera","R"
"FL27","FL",27,"Manny Yevancey","Manny","Yevancey","Ileana Ros","Ileana","Ros","R"
"GA01","GA",1,"Lesli Messinger","Lesli","Messinger","Jack Kingston","Jack","Kingston","R"
"GA02","GA",2,"Sanford Bishop","Sanford","Bishop","John Allen","John","Allen","D"
"GA04","GA",4,"Hank Johnson","Hank","Johnson","Chris Vaughn","Chris","Vaughn","D"
"GA05","GA",5,"John Lewis","John","Lewis","Howard Stopeck","Howard","Stopeck","D"
"GA06","GA",6,"Jeff Kazanow","Jeff","Kazanow","Tom Price","Tom","Price","R"
"GA07","GA",7,"Steve Reilly","Steve","Reilly","Rob Woodall","Rob","Woodall","R"
"GA09","GA",9,"Jody Cooley","Jody","Cooley","Doug Collins","Doug","Collins","O"
"GA11","GA",11,"Patrick Thompson","Patrick","Thompson","Phil Gingrey","Phil","Gingrey","R"
"GA12","GA",12,"John Barrow","John","Barrow","Lee Anderson","Lee","Anderson","D"
"GA13","GA",13,"David Scott","David","Scott","Shahid Malik","Shahid","Malik","D"
"GA14","GA",14,"Dan Grant","Dan","Grant","Tom Graves","Tom","Graves","R"
"HI01","HI",1,"Colleen Hanabusa","Colleen","Hanabusa","Charles Djou","Charles","Djou","D"
"HI02","HI",2,"Tulsi Gabbard","Tulsi","Gabbard","Kawika Crowley","Kawika","Crowley","O"
"IA01","IA",1,"Bruce Braley","Bruce","Braley","Ben Lange","Ben","Lange","D"
"IA02","IA",2,"Dave Loebsack","Dave","Loebsack","John Archer","John","Archer","D"
"IA03","IA",3,"Leonard Boswell","Leonard","Boswell","Tom Latham","Tom","Latham","R"
"IA04","IA",4,"Christie Vilsack","Christie","Vilsack","Steve King","Steve","King","R"
"ID01","ID",1,"Jimmy Farris","Jimmy","Farris","Raul Labrador","Raul","Labrador","R"
"ID02","ID",2,"Nicole LeFavour","Nicole","Lefavour","Mike Simpson","Mike","Simpson","R"
"IL01","IL",1,"Bobby Rush","Bobby","Rush","Donald Peloquin","Donald","Peloquin","D"
"IL02","IL",2,"Jesse Jackson Jr.","Jesse","Jackson","Brian Woodworth","Brian","Woodworth","D"
"IL03","IL",3,"Dan Lipinski","Dan","Lipinski","Richard Grabowski","Richard","Grabowski","D"
"IL04","IL",4,"Luis Gutierrez","Luis","Gutierrez","Hector Concepcion","Hector","Concepcion","D"
"IL05","IL",5,"Mike Quigley","Mike","Quigley","Dan Schmitt","Dan","Schmitt","D"
"IL06","IL",6,"Leslie Coolidge","Leslie","Coolidge","Peter Roskam","Peter","Roskam","R"
"IL08","IL",8,"Tammy Duckworth","Tammy","Duckworth","Joe Walsh","Joe","Walsh","R"
"IL09","IL",9,"Jan Schakowsky","Jan","Schakowsky","Timothy Wolfe","Tim","Wolfe","D"
"IL10","IL",10,"Brad Schneider","Brad","Schneider","Robert Dold","Robert","Dold","R"
"IL11","IL",11,"Bill Foster","Bill","Foster","Judy Biggert","Judy","Biggert","R"
"IL12","IL",12,"Bill Enyart","Bill","Enyart","Jason Plummer","Jason","Plummer","O"
"IL13","IL",13,"David Gill","David","Gill","Rodney Davis","Rodney","Davis","O"
"IL14","IL",14,"Dennis Anderson","Dennis","Anderson","Randy Hultgren","Randy","Hultgren","R"
"IL15","IL",15,"Angela Michael","Angela","Michael","John Shimkus","John","Shimkus","R"
"IL16","IL",16,"Wanda Rohl","Wanda","Rohl","Adam Kinzinger","Adam","Kinzinger","R"
"IL17","IL",17,"Cheri Bustos","Cheri","Bustos","Bobby Schilling","Bobby","Schilling","R"
"IL18","IL",18,"Steve Waterworth","Steve","Waterworth","Aaron Schock","Aaron","Schock","R"
"IN01","IN",1,"Peter Visclosky","Pete","Visclosky","Joel Phelps","Joel","Phelps","D"
"IN02","IN",2,"Brendan Mullen","Brendan","Mullen","Jackie Walorski","Jackie","Walorski","O"
"IN03","IN",3,"Kevin Boyd","Kevin","Boyd","Marlin Stutzman","Marlin","Stutzman","R"
"IN04","IN",4,"Tara Nelson","Tara","Nelson","Todd Rokita","Todd","Rokita","R"
"IN05","IN",5,"Scott Reske","Scott","Reske","Susan Brooks","Susan","Brooks","O"
"IN06","IN",6,"Bradley Bookout","Bradley","Bookout","Luke Messer","Luke","Messer","O"
"IN07","IN",7,"Andre Carson","Andre","Carson","Carlos May","Carlos","May","D"
"IN08","IN",8,"Dave Crooks","David","Crooks","Larry Bucshon","Larry","Bucshon","R"
"IN09","IN",9,"Shelli Yoder","Shelli","Yoder","Todd Young","Todd","Young","R"
"KS02","KS",2,"Tobias Schlingensiepen","Tobias","Schlingensiepen","Lynn Jenkins","Lynn","Jenkins","R"
"KS04","KS",4,"Robert Tillman","Robert","Tillman","Mike Pompeo","Mike","Pompeo","R"
"KY01","KY",1,"Charles Hatchett","Charles","Hatchett","Ed Whitfield","Ed","Whitfield","R"
"KY02","KY",2,"David Williams","David","Williams","Brett Guthrie","Brett","Guthrie","R"
"KY03","KY",3,"John Yarmuth","John","Yarmuth","Brooks Wicker","Brooks","Wicker","D"
"KY04","KY",4,"William Adkins","Bill","Adkins","Thomas Massie","Thomas","Massie","O"
"KY05","KY",5,"Kenneth Stepp","Ken","Stepp","Hal Rogers","Hal","Rogers","R"
"KY06","KY",6,"Ben Chandler","Ben","Chandler","Andy Barr","Andy","Barr","D"
"LA02","LA",2,"Cedric Richmond","Cedric","Richmond","Gail Dignam","Gail","Dignam","D"
"MA04","MA",4,"Joe Kennedy","Joe","Kennedy","Sean Bielat","Sean","Bielat","O"
"MA05","MA",5,"Ed Markey","Ed","Markey","Tom Tierney","Tom","Tierney","D"
"MA06","MA",6,"John Tierney","John","Tierney","Richard Tisei","Richard","Tisei","D"
"MA08","MA",8,"Stephen Lynch","Stephen","Lynch","Joe Selvaggi","Joe","Selvaggi","D"
"MA09","MA",9,"Bill Keating","Bill","Keating","Adam Chaprales","Adam","Chaprales","D"
"MD01","MD",1,"Wendy Rosen","Wendy","Rosen","Andy Harris","Andy","Harris","R"
"MD02","MD",2,"Dutch Ruppersberger","Dutch","Ruppersberger","Nancy Jacobs","Nancy","Jacobs","D"
"MD03","MD",3,"John Sarbanes","John","Sarbanes","Eric Knowles","Eric","Knowles","D"
"MD04","MD",4,"Donna Edwards","Donna","Edwards","Faith Loudon","Faith","Loudon","D"
"MD05","MD",5,"Steny Hoyer","Steny","Hoyer","Tony O'Donnell","Tony","O'Donnell","D"
"MD06","MD",6,"John Delaney","John","Delaney","Roscoe Bartlett","Roscoe","Bartlett","R"
"MD07","MD",7,"Elijah Cummings","Elijah","Cummings","Frank Mirabile","Frank","Mirabile","D"
"MD08","MD",8,"Chris Van Hollen","Chris","Van Hollen","Ken Timmerman","Ken","Timmerman","D"
"ME01","ME",1,"Chellie Pingree","Chellie","Pingree","Jonathan Courtney","Jon","Courtney","D"
"ME02","ME",2,"Mike Michaud","Mike","Michaud","Kevin Raye","Kevin","Raye","D"
"MI01","MI",1,"Gary McDowell","Gary","McDowell","Dan Benishek","Dan","Benishek","R"
"MI03","MI",3,"Steve Pestka","Steve","Pestka","Justin Amash","Justin","Amash","R"
"MI05","MI",5,"Dan Kildee","Dan","Kildee","Jim Slezak","Jim","Slezak","O"
"MI06","MI",6,"Mike O'Brien","Mike","O'Brien","Fred Upton","Fred","Upton","R"
"MI07","MI",7,"Kurt Haskell","Kurt","Haskell","Tim Walberg","Tim","Walberg","R"
"MI08","MI",8,"Lance Enderle","Lance","Enderle","Mike Rogers","Mike","Rogers","R"
"MI09","MI",9,"Sander Levin","Sander","Levin","Donald Volaric","Donald","Volaric","D"
"MI10","MI",10,"Chuck Stadler","Chuck","Stadler","Candice Miller","Candice","Miller","R"
"MI11","MI",11,"Syed Taj","Syed","Taj","Kerry Bentivolio","Kerry","Bentivolio","O"
"MI12","MI",12,"John Dingell","John","Dingell","Cynthia Kallgren","Cynthia","Kallgren","D"
"MI13","MI",13,"John Conyers","John","Conyers","Harry Sawicki","Harry","Sawicki","D"
"MI14","MI",14,"Gary Peters","Gary","Peters","John Hauler","John","Hauler","D"
"MN01","MN",1,"Tim Walz","Tim","Walz","Allen Quist","Allen","Quist","D"
"MN02","MN",2,"Mike Obermueller","Mike","Obermueller","John Kline","John","Kline","R"
"MN03","MN",3,"Brian Barnes","Brian","Barnes","Erik Paulsen","Erik","Paulsen","R"
"MN04","MN",4,"Betty McCollum","Betty","McCollum","Anthony Hernandez","Anthony","Hernandez","D"
"MN05","MN",5,"Keith Ellison","Keith","Ellison","Chris Fields","Chris","Fields","D"
"MN06","MN",6,"Jim Graves","Jim","Graves","Michele Bachmann","Michele","Bachmann","R"
"MN07","MN",7,"Collin Peterson","Collin","Peterson","Lee Byberg","Lee","Byberg","D"
"MN08","MN",8,"Rick Nolan","Rick","Nolan","Chip Cravaack","Chip","Cravaack","R"
"MO01","MO",1,"Lacy Clay","Lacy","Clay","Robyn Hamlin","Robyn","Hamlin","D"
"MO02","MO",2,"Glenn Koenen","Glenn","Koenen","Ann Wagner","Ann","Wagner","O"
"MO03","MO",3,"Eric Mayer","Eric","Mayer","Blaine Luetkemeyer","Blaine","Luetkemeyer","R"
"MO04","MO",4,"Teresa Hensley","Teresa","Hensley","Vicky Hartzler","Vicky","Hartzler","R"
"MO05","MO",5,"Emanuel Cleaver","Emanuel","Cleaver","Jacob Turk","Jacob","Turk","D"
"MO06","MO",6,"Kyle Yarber","Kyle","Yarber","Sam Graves","Sam","Graves","R"
"MO07","MO",7,"Jim Evans","Jim","Evans","Billy Long","Billy","Long","R"
"MO08","MO",8,"Jack Rushin","Jack","Rushin","Jo Emerson","Jo","Emerson","R"
"MS01","MS",1,"Brad Morris","Brad","Morris","Alan Nunnelee","Alan","Nunnelee","R"
"MS02","MS",2,"Bennie Thompson","Bennie","Thompson","Bill Marcy","Bill","Marcy","D"
"MS03","MS",3,"Crystal Biggs","Crystal","Biggs","Gregg Harper","Gregg","Harper","R"
"MS04","MS",4,"Michael Herrington","Michael","Herrington","Steven Palazzo","Steven","Palazzo","R"
"MT01","MT",1,"Kim Gillan","Kim","Gillan","Steve Daines","Steve","Daines","O"
"NC01","NC",1,"G.K. Butterfield","G","Butterfield","Pete DiLauro","Peter","DiLauro","D"
"NC02","NC",2,"Steve Wilkins","Steve","Wilkins","Renee Ellmers","Renee","Ellmers","R"
"NC03","NC",3,"Erik Anderson","Erik","Anderson","Walter Jones","Walter","Jones","R"
"NC04","NC",4,"David Price","David","Price","Tim D'Annunzio","Tim","D'Annunzio","D"
"NC05","NC",5,"Elisabeth Motsinger","Elisabeth","Motsinger","Virginia Foxx","Virginia","Foxx","R"
"NC06","NC",6,"Tony Foriest","Tony","Foriest","Howard Coble","Howard","Coble","R"
"NC07","NC",7,"Mike McIntyre","Mike","McIntyre","David Rouzer","David","Rouzer","D"
"NC08","NC",8,"Larry Kissell","Larry","Kissell","Richard Hudson","Richard","Hudson","D"
"NC09","NC",9,"Jennifer Roberts","Jennifer","Roberts","Robert Pittenger","Robert","Pittenger","O"
"NC10","NC",10,"Patsy Keever","Patsy","Keever","Patrick McHenry","Patrick","McHenry","R"
"NC11","NC",11,"Hayden Rogers","Hayden","Rogers","Mark Meadows","Mark","Meadows","O"
"NC12","NC",12,"Mel Watt","Melvin","Watt","Jack Brosch","Jack","Brosch","D"
"NC13","NC",13,"Charles Malone","Charles","Malone","George Holding","George","Holding","O"
"ND01","ND",1,"Pam Gulleson","Pam","Gulleson","Kevin Cramer","Kevin","Cramer","O"
"NE01","NE",1,"Korey Reiman","Korey","Reiman","Jeff Fortenberry","Jeff","Fortenberry","R"
"NE02","NE",2,"John Ewing","John","Ewing","Lee Terry","Lee","Terry","R"
"NE03","NE",3,"Mark Sullivan","Mark","Sullivan","Adrian Smith","Adrian","Smith","R"
"NH01","NH",1,"Carol Shea-Porter","Carol","Shea-Porter","Frank Guinta","Frank","Guinta","R"
"NH02","NH",2,"Ann Kuster","Ann","Kuster","Charles Bass","Charles","Bass","R"
"NJ01","NJ",1,"Robert Andrews","Robert","Andrews","Greg Horton","Gregory","Horton","D"
"NJ02","NJ",2,"Cassandra Shober","Cassandra","Shober","Frank LoBiondo","Frank","LoBiondo","R"
"NJ03","NJ",3,"Shelley Adler","Shelley","Adler","Jon Runyan","Jon","Runyan","R"
"NJ04","NJ",4,"Brian Froelich","Brian","Froelich","Chris Smith","Chris","Smith","R"
"NJ05","NJ",5,"Adam Gussen","Adam","Gussen","Scott Garrett","Scott","Garrett","R"
"NJ06","NJ",6,"Frank Pallone","Frank","Pallone","Anna Little","Anna","Little","D"
"NJ07","NJ",7,"Upendra Chivukula","Upendra","Chivukula","Leonard Lance","Leonard","Lance","R"
"NJ08","NJ",8,"Albio Sires","Albio","Sires","Maria Karczewski","Maria","Karczewski","D"
"NJ09","NJ",9,"Bill Pascrell","Bill","Pascrell","Shmuley Boteach","Shmuley","Boteach","D"
"NJ10","NJ",10,"Donald Payne Jr.","Donald","Payne","Brian Kelemen","Brian","Keleman","O"
"NJ11","NJ",11,"John Arvanites","John","Arvanites","Rodney Frelinghuysen","Rodney","Frelinghuysen","R"
"NJ12","NJ",12,"Rush Holt","Rush","Holt","Eric Beck","Eric","Beck","D"
"NM01","NM",1,"Michelle Lujan Grisham","Michelle","Grisham","Janice Arnold-Jones","Janice","Arnold-Jones","O"
"NM02","NM",2,"Evelyn Erhard","Evelyn","Erhard","Steve Pearce","Steve","Pearce","R"
"NM03","NM",3,"Ben R. Lujan","Ben","Lujan","Jefferson Byrd","Jeff","Byrd","D"
"NV01","NV",1,"Dina Titus","Dina","Titus","Christopher Edwards","Chris","Edwards","O"
"NV02","NV",2,"Samuel Koepnick","Sam","Koepnick","Mark Amodei","Mark","Amodei","R"
"NV03","NV",3,"John Oceguera","John","Oceguera","Joe Heck","Joe","Heck","R"
"NV04","NV",4,"Steven Horsford","Steven","Horsford","Danny Tarkanian","Danny","Tarkanian","O"
"NY01","NY",1,"Timothy Bishop","Tim","Bishop","Randy Altschuler","Randy","Altschuler","D"
"NY02","NY",2,"Vivianne Falcone","Vivanne","Falcone","Peter King","Pete","King","R"
"NY03","NY",3,"Steve Israel","Steve","Israel","Stephen Labate","Stephen","Labate","D"
"NY04","NY",4,"Carolyn McCarthy","Carolyn","McCarthy","Francis Becker","Francis","Becker","D"
"NY05","NY",5,"Gregory Meeks","Gregory","Meeks","Allan Jennings","Allan","Jennings","D"
"NY06","NY",6,"Grace Meng","Grace","Meng","Daniel Halloran","Daniel","Halloran","O"
"NY08","NY",8,"Hakeem Jeffries","Hakeem","Jeffries","Alan Bellone","Alan","Bellone","O"
"NY09","NY",9,"Yvette Clarke","Yvette","Clarke","Daniel Cavanagh","Daniel","Cavanagh","D"
"NY10","NY",10,"Jerrold Nadler","Jerrold","Nadler","Michael Chan","Michael","Chan","D"
"NY11","NY",11,"Mark Murphy","Mark","Murphy","Mike Grimm","Mike","Grimm","R"
"NY12","NY",12,"Carolyn Maloney","Carolyn","Maloney","Christopher Wight","Christopher","Wight","D"
"NY14","NY",14,"Joe Crowley","Joseph","Crowley","William Gibbons","William","Gibbons","D"
"NY15","NY",15,"Jose E. Serrano","Jose","Serrano","Frank Della Valle","Frank","Valle","D"
"NY16","NY",16,"Eliot Engel","Eliot","Engel","Joseph McLaughlin","Joseph","McLaughlin","D"
"NY17","NY",17,"Nita Lowey","Nita","Lowey","Joe Carvin","Joseph","Carvin","D"
"NY18","NY",18,"Sean Maloney","Sean","Maloney","Nan Hayworth","Nan","Hayworth","R"
"NY19","NY",19,"Julian Schreibman","Julian","Schreibman","Christopher Gibson","Chris","Gibson","R"
"NY20","NY",20,"Paul Tonko","Paul","Tonko","Robert Dieterich","Bob","Dieterich","D"
"NY21","NY",21,"Bill Owens","Bill","Owens","Matthew Doheny","Matt","Doheny","D"
"NY22","NY",22,"Dan Lamb","Dan","Lamb","Richard Hanna","Richard","Hanna","R"
"NY23","NY",23,"Nate Shinagawa","Nathan","Shinagawa","Thomas Reed","Tom","Reed","R"
"NY24","NY",24,"Daniel Maffei","Dan","Maffei","Ann Marie Buerkle","Ann","Buerkle","R"
"NY25","NY",25,"Louise Slaughter","Louise","Slaughter","Maggie Brooks","Maggie","Brooks","D"
"NY26","NY",26,"Brian Higgins","Brian","Higgins","Michael Madigan","Mike","Madigan","D"
"NY27","NY",27,"Kathy Hochul","Kathy","Hochul","Chris Collins","Chris","Collins","D"
"OH01","OH",1,"Jeff Sinnard","Jeff","Sinnard","Steve Chabot","Steve","Chabot","R"
"OH02","OH",2,"William Smith","William","Smith","Brad Wenstrup","Brad","Wenstrup","O"
"OH03","OH",3,"Joyce Beatty","Joyce","Beatty","Chris Long","Chris","Long","O"
"OH04","OH",4,"Jim Slone","Jim","Slone","Jim Jordan","James","Jordan","R"
"OH05","OH",5,"Angela Zimmann","Angela","Zimmann","Bob Latta","Bob","Latta","R"
"OH06","OH",6,"Charlie Wilson","Charlie","Wilson","Bill Johnson","Bill","Johnson","R"
"OH07","OH",7,"Joyce Healy-Abrams","Joyce","Healy-Abrams","Bob Gibbs","Bob","Gibbs","R"
"OH09","OH",9,"Marcy Kaptur","Marcy","Kaptur","Samuel Wurzelbacher","Samuel","Wurzelbacher","D"
"OH10","OH",10,"Sharen Swartz Neuhardt","Sharen","Neuhardt","Mike Turner","Michael","Turner","R"
"OH12","OH",12,"Jim Reese","James","Reese","Pat Tiberi","Patrick","Tiberi","R"
"OH13","OH",13,"Tim Ryan","Tim","Ryan","Marisha Agana","Marisha","Agana","D"
"OH14","OH",14,"Dale Blanchard","Dale","Blanchard","Steven LaTourette","Steven","LaTourette","R"
"OH15","OH",15,"Pat Lang","Pat","Lang","Steve Stivers","Steve","Stivers","R"
"OH16","OH",16,"Betty Sutton","Betty","Sutton","Jim Renacci","Jim","Renacci","R"
"OK01","OK",1,"John Olson","John","Olson","Jim Bridenstine","James","Bridenstine","O"
"OK02","OK",2,"Rob Wallace","Rob","Wallace","Markwayne Mullin","Markwayne","Mullin","O"
"OK03","OK",3,"Timothy Murray","Tim","Murray","Frank Lucas","Frank","Lucas","R"
"OK04","OK",4,"Donna Bebo","Donna","Bebo","Tom Cole","Tom","Cole","R"
"OK05","OK",5,"Tom Guild","Tom","Guild","James Lankford","James","Lankford","R"
"OR01","OR",1,"Suzanne Bonamici","Suzanne","Bonamici","Delinda Morgan","Delinda","Morgan","D"
"OR02","OR",2,"Joyce Segers","Joyce","Segers","Greg Walden","Greg","Walden","R"
"OR03","OR",3,"Earl Blumenauer","Earl","Blumenauer","Ronald Green","Ronald","Green","D"
"OR04","OR",4,"Peter DeFazio","Peter","DeFazio","Art Robinson","Art","Robinson","D"
"OR05","OR",5,"Kurt Schrader","Kurt","Schrader","Fred Thompson","Fred","Thompson","D"
"PA01","PA",1,"Robert Brady","Robert","Brady","John Featherman","John","Featherman","D"
"PA02","PA",2,"Chaka Fattah","Chaka","Fattah","Robert Mansfield","Robert","Mansfield","D"
"PA03","PA",3,"Missa Eaton","Melissa","Eaton","Mike Kelly","Mike","Kelly","R"
"PA04","PA",4,"Harry Perkinson","Harry","Perkinson","Scott Perry","Scott","Perry","O"
"PA05","PA",5,"Charles Dumas","Charles","Dumas","Glenn Thompson","Glenn","Thompson","R"
"PA06","PA",6,"Manan Trivedi","Manan","Trivedi","Jim Gerlach","Jim","Gerlach","R"
"PA07","PA",7,"George Badey","George","Badey","Patrick Meehan","Patrick","Meehan","R"
"PA08","PA",8,"Kathy Boockvar","Kathryn","Boockvar","Mike Fitzpatrick","Michael","Fitzpatrick","R"
"PA10","PA",10,"Philip Scollo","Philip","Scollo","Thomas Marino","Tom","Marino","R"
"PA11","PA",11,"Gene Stilp","Gene","Stilp","Lou Barletta","Lou","Barletta","R"
"PA12","PA",12,"Mark Critz","Mark","Critz","Keith Rothfus","Keith","Rothfus","D"
"PA13","PA",13,"Allyson Schwartz","Allyson","Schwartz","Joseph Rooney","Joe","Rooney","D"
"PA14","PA",14,"Mike Doyle","Mike","Doyle","Hans Lessmann","Hans","Lessmann","D"
"PA15","PA",15,"Richard Daugherty","Rick","Daugherty","Charles Dent","Charlie","Dent","R"
"PA16","PA",16,"Aryanna Strader","Aryanna","Strader","Joseph Pitts","Joe","Pitts","R"
"PA17","PA",17,"Matthew Cartwright","Matt","Cartwright","Laureen Cummings","Laureen","Cummings","O"
"PA18","PA",18,"Larry Maggi","Larry","Maggi","Tim Murphy","Tim","Murphy","R"
"RI01","RI",1,"David Cicilline","David","Cicilline","Brendan Doherty","Brendan","Doherty","D"
"RI02","RI",2,"Jim Langevin","Jim","Langevin","Michael Riley","Michael","Riley","D"
"SC01","SC",1,"Bobbie Rose","Bobbie","Rose","Tim Scott","Tim","Scott","R"
"SC03","SC",3,"Brian Doyle","Brian","Doyle","Jeff Duncan","Jeff","Duncan","R"
"SC04","SC",4,"Deb Morrow","Deb","Morrow","Trey Gowdy","Trey","Gowdy","R"
"SC05","SC",5,"Joyce Knott","Joyce","Knott","Mick Mulvaney","Mick","Mulvaney","R"
"SC07","SC",7,"Gloria Bromell Tinubu","Gloria","Bromell Tinubu","Tom Rice","Tom","Rice","O"
"SD01","SD",1,"Matt Varilek","Matt","Varilek","Kristi Noem","Kristi","Noem","R"
"TN01","TN",1,"Alan Woodruff","Alan","Woodruff","Phil Roe","Phil","Roe","R"
"TN02","TN",2,"Troy Goodale","Troy","Goodale","John Duncan","John","Duncan","R"
"TN03","TN",3,"Mary Headrick","Mary","Headrick","Chuck Fleischmann","Chuck","Fleischmann","R"
"TN04","TN",4,"Eric Stewart","Eric","Stewart","Scott Desjarlais","Scott","Desjarlais","R"
"TN05","TN",5,"Jim Cooper","Jim","Cooper","Brad Staats","Brad","Staats","D"
"TN07","TN",7,"Credo Amouzouvik","Credo","Amouzouvik","Marsha Blackburn","Marsha","Blackburn","R"
"TN08","TN",8,"Timothy Dixon","Timothy","Dixon","Stephen Fincher","Stephen","Fincher","R"
"TN09","TN",9,"Steve Cohen","Steve","Cohen","George Flinn","George","Flinn","D"
"TX01","TX",1,"Shirley McKellar","Shirley","McKellar","Louie Gohmert","Louie","Gohmert","R"
"TX02","TX",2,"Jim Dougherty","Jim","Dougherty","Ted Poe","Ted","Poe","R"
"TX04","TX",4,"VaLinda Hathcox","Valinda","Hathcox","Ralph Hall","Ralph","Hall","R"
"TX05","TX",5,"Linda Mrosko","Linda","Mrosko","Jeb Hensarling","Jeb","Hensarling","R"
"TX06","TX",6,"Kenneth Sanders","Kenneth","Sanders","Joe Barton","Joe","Barton","R"
"TX07","TX",7,"James Cargas","James","Cargas","John Culberson","John","Culberson","R"
"TX08","TX",8,"Neil Burns","Neil","Burns","Kevin Brady","Kevin","Brady","R"
"TX09","TX",9,"Al Green","Al","Green","Steve Mueller","Steve","Mueller","D"
"TX10","TX",10,"Tawana Cadien","Tawana","Cadien","Michael McCaul","Michael","McCaul","R"
"TX11","TX",11,"Jim Riley","Jim","Riley","Mike Conaway","Mike","Conaway","R"
"TX12","TX",12,"Dave Robinson","Dave","Robinson","Kay Granger","Kay","Granger","R"
"TX14","TX",14,"Nick Lampson","Nick","Lampson","Randy Weber","Randy","Weber","O"
"TX15","TX",15,"Ruben Hinojosa","Ruben","Hinojosa","Dale Brueggemann","Dale","Brueggemann","D"
"TX16","TX",16,"Beto O'Rourke","Beto","O'Rourke","Barbara Carrasco","Barbara","Carrasco","O"
"TX18","TX",18,"Sheila Jackson Lee","Sheila","Jackson Lee","Sean Seibert","Sean","Seibert","D"
"TX20","TX",20,"Joaquin Castro","Joaquin","Castro","David Rosa","Sheila","Lee","O"
"TX21","TX",21,"Candace Duval","Candace","Duval","Lamar Smith","Lamar","Smith","R"
"TX22","TX",22,"Kesha Rogers","Kesha","Rogers","Pete Olson","Pete","Olson","R"
"TX23","TX",23,"Pete Gallego","Pete","Gallego","Quico Canseco","Francisco","Canseco","R"
"TX24","TX",24,"Tim Rusk","Tim","Rusk","Kenny Marchant","Kenny","Marchant","R"
"TX25","TX",25,"Elaine Henderson","Elaine","Henderson","Roger Williams","Roger","Williams","O"
"TX26","TX",26,"David Sanchez","David","Sanchez","Michael Burgess","Michael","Burgess","R"
"TX27","TX",27,"Rose Harrison","Rose","Harrison","Blake Farenthold","Blake","Farenthold","R"
"TX28","TX",28,"Henry Cuellar","Henry","Cuellar","William Hayward","William","Hayward","D"
"TX30","TX",30,"Eddie Bernice Johnson","Eddie","Bernice Johnson","Travis Washington","Travis","Washington","D"
"TX31","TX",31,"Stephen Wyman","Stephen","Wyman","John Carter","John","Carter","R"
"TX32","TX",32,"Katherine McGovern","Eddie","Johnson","Pete Sessions","Pete","Sessions","R"
"TX33","TX",33,"Marc Veasey","Marc","Veasey","Chuck Bradley","Chuck","Bradley","O"
"TX34","TX",34,"Filemon Vela","Filemon","Vela","Jessica Bradshaw","Jessica","Bradshaw","O"
"TX35","TX",35,"Lloyd Doggett","Lloyd","Doggett","Susan Narvaiz","Susan","Narvaiz","D"
"TX36","TX",36,"Max Martin","Max","Martin","Steve Stockman","Steve","Stockman","O"
"UT01","UT",1,"Donna McAleer","Donna","McAleer","Rob Bishop","Rob","Bishop","R"
"UT02","UT",2,"Jay Seegmiller","Jay","Seegmiller","Chris Stewart","Chris","Stewart","O"
"UT03","UT",3,"Soren Simonsen","Soren","Simonsen","Jason Chaffetz","Jason","Chaffetz","R"
"UT04","UT",4,"Jim Matheson","Jim","Matheson","Mia Love","Mia","Love","D"
"VA01","VA",1,"Adam Cook","Adam","Cook","Rob Wittman","Rob","Wittman","R"
"VA02","VA",2,"Paul Hirschbiel","Paul","Hirschbiel","Scott Rigell","Scott","Rigell","R"
"VA03","VA",3,"Bobby Scott","Bobby","Scott","Dean Longo","Dean","Longo","D"
"VA04","VA",4,"Ella Ward","Ella","Ward","Randy Forbes","Randy","Forbes","R"
"VA05","VA",5,"John Douglass","John","Douglass","Robert Hurt","Robert","Hurt","R"
"VA06","VA",6,"Andy Schmookler","Andy","Schmookler","Robert Goodlatte","Bob","Goodlatte","R"
"VA07","VA",7,"Wayne Powell","Wayne","Powell","Eric Cantor","Eric","Cantor","R"
"VA08","VA",8,"James Moran","Jim","Moran","Patrick Murray","Patrick","Murray","D"
"VA09","VA",9,"Anthony Flaccavento","Anthony","Flaccavento","Morgan Griffith","Morgan","Griffith","R"
"VA10","VA",10,"Kristin Cabral","Kristin","Cabral","Frank Wolf","Frank","Wolf","R"
"WA01","WA",1,"Suzan DelBene","Suzan","DelBene","John Koster","John","Koster","O"
"WA02","WA",2,"Rick Larsen","Rick","Larsen","Dan Matthews","Dan","Matthews","D"
"WA03","WA",3,"Jon Haugen","Jon","Haugen","Jaime Beutler","Jaime","Beutler","R"
"WA04","WA",4,"Mary Baechler","Mary","Baechler","Doc Hastings","Doc","Hastings","R"
"WA05","WA",5,"Rich Cowan","Rich","Cowan","Cathy Rodgers","Cathy","Rodgers","R"
"WA06","WA",6,"Derek Kilmer","Derek","Kilmer","Bill Driscoll","Bill","Driscoll","O"
"WA07","WA",7,"Jim McDermott","Jim","McDermott","Ron Bemis","Ron","Bemis","D"
"WA08","WA",8,"Karen Porterfield","Karen","Porterfield","Dave Reichert","Dave","Reichert","R"
"WA09","WA",9,"Adam Smith","Adam","Smith","Jim Postma","Jim","Postma","D"
"WA10","WA",10,"Denny Heck","Denny","Heck","Dick Muri","Dick","Muri","O"
"WI01","WI",1,"Rob Zerban","Rob","Zerban","Paul Ryan","Paul","Ryan","R"
"WI02","WI",2,"Mark Pocan","Mark","Pocan","Chad Lee","Chad","Lee","O"
"WI03","WI",3,"Ron Kind","Ron","Kind","Ray Boland","Ray","Boland","D"
"WI04","WI",4,"Gwen Moore","Gwen","Moore","Dan Sebring","Dan","Sebring","D"
"WI05","WI",5,"David Heaster","David","Heaster","Jim Sensenbrenner","Jim","Sensenbrenner","R"
"WI06","WI",6,"Joe Kallas","Joe","Kallas","Tom Petri","Tom","Petri","R"
"WI07","WI",7,"Patrick Kreitlow","Patrick","Kreitlow","Sean Duffy","Sean","Duffy","R"
"WI08","WI",8,"Jamie Wall","Jamie","Wall","Reid Ribble","Reid","Ribble","R"
"WV01","WV",1,"Sue Thorn","Susan","Thorn","David McKinley","David","McKinley","R"
"WV02","WV",2,"Howard Swint","Howard","Swint","Shelley Capito","Shelley","Capito","R"
"WV03","WV",3,"Nick Rahall","Nick","Rahall","Rick Snuffer","Rick","Snuffer","D"
