"state_dist","state_id","district","office_id","state","primary_date","name","party","incumbent","first_name","last_name","unique_cand_id"
"AK01","AK",1,NA,"Alaska",NA,"Sharon Cissna","D","0","Sharon","Cissna","AK01_D_Cissna"
"AK01","AK",1,NA,"Alaska",NA,"Don Young","R","1","Don","Young","AK01_R_Young"
"AZ01","AZ",1,NA,"Arizona",NA,"Ann Kirkpatrick","D","0","Ann","Kirkpatrick","AZ01_D_Kirkpatrick"
"AZ01","AZ",1,NA,"Arizona",NA,"Jonathan Paton","R","0","Jonathan","Paton","AZ01_R_Paton"
"AZ02","AZ",2,NA,"Arizona",NA,"Ron Barber","D","1","Ron","Barber","AZ02_D_Barber"
"AZ02","AZ",2,NA,"Arizona",NA,"Martha McSally","R","0","Martha","McSally","AZ02_R_McSally"
"AZ03","AZ",3,NA,"Arizona",NA,"Raul Grijalva","D","1","Raul","Grijalva","AZ03_D_Grijalva"
"AZ03","AZ",3,NA,"Arizona",NA,"Saucedo Mercer","R","0","Saucedo","Mercer","AZ03_R_Mercer"
"AZ04","AZ",4,NA,"Arizona",NA,"Johnnie Robinson","D","0","Johnnie","Robinson","AZ04_D_Robinson"
"AZ04","AZ",4,NA,"Arizona",NA,"Paul Gosar","R","1","Paul","Gosar","AZ04_R_Gosar"
"AZ05","AZ",5,NA,"Arizona",NA,"Spencer Morgan","D","0","Spencer","Morgan","AZ05_D_Morgan"
"AZ05","AZ",5,NA,"Arizona",NA,"Matt Salmon","R","0","Matt","Salmon","AZ05_R_Salmon"
"AZ06","AZ",6,NA,"Arizona",NA,"Matt Jette","D","0","Matt","Jette","AZ06_D_Jette"
"AZ06","AZ",6,NA,"Arizona",NA,"David Schweikert","R","1","David","Schweikert","AZ06_R_Schweikert"
"AZ07","AZ",7,NA,"Arizona",NA,"Ed Pastor","D","1","Ed","Pastor","AZ07_D_Pastor"
"AZ08","AZ",8,NA,"Arizona",NA,"Gene Scharer","D","0","Gene","Scharer","AZ08_D_Scharer"
"AZ08","AZ",8,NA,"Arizona",NA,"Trent Franks","R","1","Trent","Franks","AZ08_R_Franks"
"AZ09","AZ",9,NA,"Arizona",NA,"Kyrsten Sinema","D","0","Kyrsten","Sinema","AZ09_D_Sinema"
"AZ09","AZ",9,NA,"Arizona",NA,"Vernon Parker","R","0","Vernon","Parker","AZ09_R_Parker"
"CA08","CA",8,39,"California",NA,"Gregg Imus","R","False","Gregg","Imus","CA08_R_Imus"
"CA08","CA",8,NA,"California",NA,"Jackie Conaway","D","0","Jackie","Conaway","CA08_D_Conaway"
"CA29","CA",29,59,"California",NA,"Tony Cardenas","D","False","Tony","Cardenas","CA29_D_Cardenas"
"CA29","CA",29,NA,"California",NA,"David Hernandez","R","0","David","Hernandez","CA29_R_Hernandez"
"CO05","CO",5,92,"Colorado",NA,"Doug Lamborn","R","True","Doug","Lamborn","CO05_R_Lamborn"
"CO05","CO",5,NA,"Colorado",NA,"Bob Evans","D","0","Bob","Evans","CO05_D_Evans"
"CT01","CT",1,NA,"Connecticut",NA,"John Larson","D","1","John","Larson","CT01_D_Larson"
"CT01","CT",1,NA,"Connecticut",NA,"John Decker","R","0","John","Decker","CT01_R_Decker"
"CT02","CT",2,NA,"Connecticut",NA,"Joe Courtney","D","1","Joe","Courtney","CT02_D_Courtney"
"CT02","CT",2,NA,"Connecticut",NA,"Paul Formica","R","0","Paul","Formica","CT02_R_Formica"
"CT03","CT",3,NA,"Connecticut",NA,"Rosa DeLauro","D","1","Rosa","DeLauro","CT03_D_DeLauro"
"CT03","CT",3,NA,"Connecticut",NA,"Wayne Winsley","R","0","Wayne","Winsley","CT03_R_Winsley"
"CT04","CT",4,NA,"Connecticut",NA,"Jim Himes","D","1","Jim","Himes","CT04_D_Himes"
"CT04","CT",4,NA,"Connecticut",NA,"Steve Obsitnik","R","0","Steve","Obsitnik","CT04_R_Obsitnik"
"CT05","CT",5,NA,"Connecticut",NA,"Elizabeth Esty","D","0","Elizabeth","Esty","CT05_D_Esty"
"CT05","CT",5,NA,"Connecticut",NA,"Andrew Roraback","R","0","Andrew","Roraback","CT05_R_Roraback"
"DE01","DE",1,NA,"Delaware",NA,"John Carney","D","1","John","Carney","DE01_D_Carney"
"DE01","DE",1,NA,"Delaware",NA,"Tom Kovach","R","0","Tom","Kovach","DE01_R_Kovach"
"FL01","FL",1,NA,"Florida",NA,"Jim Bryan","D","0","Jim","Bryan","FL01_D_Bryan"
"FL01","FL",1,NA,"Florida",NA,"Jeff Miller","R","1","Jeff","Miller","FL01_R_Miller"
"FL02","FL",2,NA,"Florida",NA,"Alfred Lawson","D","0","Alfred","Lawson","FL02_D_Lawson"
"FL02","FL",2,NA,"Florida",NA,"Steve Southerland","R","1","Steve","Southerland","FL02_R_Southerland"
"FL03","FL",3,NA,"Florida",NA,"Jacques Gaillot","D","0","Jacques","Gaillot","FL03_D_Gaillot"
"FL03","FL",3,NA,"Florida",NA,"Ted Yoho","R","0","Ted","Yoho","FL03_R_Yoho"
"FL04","FL",4,NA,"Florida",NA,"Ander Crenshaw","R","1","Ander","Crenshaw","FL04_R_Crenshaw"
"FL05","FL",5,NA,"Florida",NA,"Corrine Brown","D","1","Corrine","Brown","FL05_D_Brown"
"FL05","FL",5,NA,"Florida",NA,"LeAnne Kolb","R","0","LeAnne","Kolb","FL05_R_Kolb"
"FL06","FL",6,NA,"Florida",NA,"Heather Beaven","D","0","Heather","Beaven","FL06_D_Beaven"
"FL06","FL",6,NA,"Florida",NA,"Ron DeSantis","R","0","Ron","DeSantis","FL06_R_DeSantis"
"FL07","FL",7,NA,"Florida",NA,"Jason Kendall","D","0","Jason","Kendall","FL07_D_Kendall"
"FL07","FL",7,NA,"Florida",NA,"John Mica","R","1","John","Mica","FL07_R_Mica"
"FL08","FL",8,NA,"Florida",NA,"Shannon Roberts","D","0","Shannon","Roberts","FL08_D_Roberts"
"FL08","FL",8,NA,"Florida",NA,"Bill Posey","R","1","Bill","Posey","FL08_R_Posey"
"FL09","FL",9,NA,"Florida",NA,"Alan Grayson","D","0","Alan","Grayson","FL09_D_Grayson"
"FL09","FL",9,NA,"Florida",NA,"Todd Long","R","0","Todd","Long","FL09_R_Long"
"FL10","FL",10,NA,"Florida",NA,"Val Deming","D","0","Val","Deming","FL10_D_Deming"
"FL10","FL",10,NA,"Florida",NA,"Daniel Webster","R","1","Daniel","Webster","FL10_R_Webster"
"FL11","FL",11,NA,"Florida",NA,"David Werder","D","0","David","Werder","FL11_D_Werder"
"FL11","FL",11,NA,"Florida",NA,"Richard Nugent","R","1","Richard","Nugent","FL11_R_Nugent"
"FL12","FL",12,NA,"Florida",NA,"Jonathan Snow","D","0","Jonathan","Snow","FL12_D_Snow"
"FL12","FL",12,NA,"Florida",NA,"Gus Bilirakis","R","1","Gus","Bilirakis","FL12_R_Bilirakis"
"FL13","FL",13,NA,"Florida",NA,"Jessica Ehrlich","D","0","Jessica","Ehrlich","FL13_D_Ehrlich"
"FL13","FL",13,NA,"Florida",NA,"Bill Young","R","1","Bill","Young","FL13_R_Young"
"FL14","FL",14,NA,"Florida",NA,"Kathy Castor","D","1","Kathy","Castor","FL14_D_Castor"
"FL14","FL",14,NA,"Florida",NA,"Evelio Otero","R","0","Evelio","Otero","FL14_R_Otero"
"FL15","FL",15,NA,"Florida",NA,"Dennis Ross","R","1","Dennis","Ross","FL15_R_Ross"
"FL16","FL",16,NA,"Florida",NA,"Keith Fitzgerald","D","0","Keith","Fitzgerald","FL16_D_Fitzgerald"
"FL16","FL",16,NA,"Florida",NA,"Vernon Buchanan","R","1","Vernon","Buchanan","FL16_R_Buchanan"
"FL17","FL",17,NA,"Florida",NA,"William Bronson","D","0","William","Bronson","FL17_D_Bronson"
"FL17","FL",17,NA,"Florida",NA,"Tom Rooney","R","1","Tom","Rooney","FL17_R_Rooney"
"FL18","FL",18,NA,"Florida",NA,"Patrick Murphy","D","0","Patrick","Murphy","FL18_D_Murphy"
"FL18","FL",18,NA,"Florida",NA,"Allen West","R","1","Allen","West","FL18_R_West"
"FL19","FL",19,NA,"Florida",NA,"Jim Roach","D","0","Jim","Roach","FL19_D_Roach"
"FL19","FL",19,NA,"Florida",NA,"Trey Radel","R","0","Trey","Radel","FL19_R_Radel"
"FL20","FL",20,NA,"Florida",NA,"Alcee Hastings","D","1","Alcee","Hastings","FL20_D_Hastings"
"FL20","FL",20,NA,"Florida",NA,"Joe Goldner","R","0","Joe","Goldner","FL20_R_Goldner"
"FL21","FL",21,NA,"Florida",NA,"Ted Deutch","D","1","Ted","Deutch","FL21_D_Deutch"
"FL22","FL",22,NA,"Florida",NA,"Lois Frankel","D","0","Lois","Frankel","FL22_D_Frankel"
"FL22","FL",22,NA,"Florida",NA,"Adam Hasner","R","0","Adam","Hasner","FL22_R_Hasner"
"FL23","FL",23,NA,"Florida",NA,"Debbie Schultz","D","1","Debbie","Schultz","FL23_D_Schultz"
"FL23","FL",23,NA,"Florida",NA,"Karen Harrington","R","0","Karen","Harrington","FL23_R_Harrington"
"FL24","FL",24,NA,"Florida",NA,"Frederica Wilson","D","1","Frederica","Wilson","FL24_D_Wilson"
"FL25","FL",25,NA,"Florida",NA,"Mario Diaz-Balart","R","1","Mario","Diaz-Balart","FL25_R_Diaz-Balart"
"FL26","FL",26,NA,"Florida",NA,"Joe Garcia","D","0","Joe","Garcia","FL26_D_Garcia"
"FL26","FL",26,NA,"Florida",NA,"David Rivera","R","1","David","Rivera","FL26_R_Rivera"
"FL27","FL",27,NA,"Florida",NA,"Manny Yevancey","D","0","Manny","Yevancey","FL27_D_Yevancey"
"FL27","FL",27,NA,"Florida",NA,"Ileana Ros","R","1","Ileana","Ros","FL27_R_Ros"
"GA01","GA",1,NA,"Georgia",NA,"Lesli Messinger","D","0","Lesli","Messinger","GA01_D_Messinger"
"GA01","GA",1,NA,"Georgia",NA,"Jack Kingston","R","1","Jack","Kingston","GA01_R_Kingston"
"GA02","GA",2,NA,"Georgia",NA,"Sanford Bishop","D","1","Sanford","Bishop","GA02_D_Bishop"
"GA02","GA",2,NA,"Georgia",NA,"John Allen","R","0","John","Allen","GA02_R_Allen"
"GA03","GA",3,NA,"Georgia",NA,"Lynn Westmoreland","R","1","Lynn","Westmoreland","GA03_R_Westmoreland"
"GA04","GA",4,NA,"Georgia",NA,"Hank Johnson","D","1","Hank","Johnson","GA04_D_Johnson"
"GA04","GA",4,NA,"Georgia",NA,"Chris Vaughn","R","0","Chris","Vaughn","GA04_R_Vaughn"
"GA05","GA",5,NA,"Georgia",NA,"John Lewis","D","1","John","Lewis","GA05_D_Lewis"
"GA05","GA",5,NA,"Georgia",NA,"Howard Stopeck","R","0","Howard","Stopeck","GA05_R_Stopeck"
"GA06","GA",6,NA,"Georgia",NA,"Jeff Kazanow","D","0","Jeff","Kazanow","GA06_D_Kazanow"
"GA06","GA",6,NA,"Georgia",NA,"Tom Price","R","1","Tom","Price","GA06_R_Price"
"GA07","GA",7,NA,"Georgia",NA,"Steve Reilly","D","0","Steve","Reilly","GA07_D_Reilly"
"GA07","GA",7,NA,"Georgia",NA,"Rob Woodall","R","1","Rob","Woodall","GA07_R_Woodall"
"GA08","GA",8,NA,"Georgia",NA,"Austin Scott","R","1","Austin","Scott","GA08_R_Scott"
"GA09","GA",9,NA,"Georgia",NA,"Jody Cooley","D","0","Jody","Cooley","GA09_D_Cooley"
"GA09","GA",9,NA,"Georgia",NA,"Doug Collins","R","0","Doug","Collins","GA09_R_Collins"
"GA10","GA",10,NA,"Georgia",NA,"Paul Broun","R","1","Paul","Broun","GA10_R_Broun"
"GA11","GA",11,NA,"Georgia",NA,"Patrick Thompson","D","0","Patrick","Thompson","GA11_D_Thompson"
"GA11","GA",11,NA,"Georgia",NA,"Phil Gingrey","R","1","Phil","Gingrey","GA11_R_Gingrey"
"GA12","GA",12,NA,"Georgia",NA,"John Barrow","D","1","John","Barrow","GA12_D_Barrow"
"GA12","GA",12,NA,"Georgia",NA,"Lee Anderson","R","0","Lee","Anderson","GA12_R_Anderson"
"GA13","GA",13,NA,"Georgia",NA,"David Scott","D","1","David","Scott","GA13_D_Scott"
"GA13","GA",13,NA,"Georgia",NA,"Shahid Malik","R","0","Shahid","Malik","GA13_R_Malik"
"GA14","GA",14,NA,"Georgia",NA,"Dan Grant","D","0","Dan","Grant","GA14_D_Grant"
"GA14","GA",14,NA,"Georgia",NA,"Tom Graves","R","1","Tom","Graves","GA14_R_Graves"
"HI01","HI",1,NA,"Hawaii",NA,"Colleen Hanabusa","D","1","Colleen","Hanabusa","HI01_D_Hanabusa"
"HI01","HI",1,NA,"Hawaii",NA,"Charles Djou","R","0","Charles","Djou","HI01_R_Djou"
"HI02","HI",2,NA,"Hawaii",NA,"Tulsi Gabbard","D","0","Tulsi","Gabbard","HI02_D_Gabbard"
"HI02","HI",2,NA,"Hawaii",NA,"Kawika Crowley","R","0","Kawika","Crowley","HI02_R_Crowley"
"IL04","IL",4,177,"Illinois",NA,"Luis Gutierrez","D","True","Luis","Gutierrez","IL04_D_Gutierrez"
"IL04","IL",4,NA,"Illinois",NA,"Hector Concepcion","R","0","Hector","Concepcion","IL04_R_Concepcion"
"IL16","IL",16,NA,"Illinois",NA,"Wanda Rohl","D","0","Wanda","Rohl","IL16_D_Rohl"
"IL16","IL",16,189,"Illinois",NA,"Adam Kinzinger","R","True","Adam","Kinzinger","IL16_R_Kinzinger"
"KS01","KS",1,NA,"Kansas",NA,"Tim Huelskamp","R","1","Tim","Huelskamp","KS01_R_Huelskamp"
"KS02","KS",2,NA,"Kansas",NA,"Tobias Schlingensiepen","D","0","Tobias","Schlingensiepen","KS02_D_Schlingensiepen"
"KS02","KS",2,NA,"Kansas",NA,"Lynn Jenkins","R","1","Lynn","Jenkins","KS02_R_Jenkins"
"KS03","KS",3,NA,"Kansas",NA,"Kevin Yoder","R","1","Kevin","Yoder","KS03_R_Yoder"
"KS04","KS",4,NA,"Kansas",NA,"Robert Tillman","D","0","Robert","Tillman","KS04_D_Tillman"
"KS04","KS",4,NA,"Kansas",NA,"Mike Pompeo","R","1","Mike","Pompeo","KS04_R_Pompeo"
"LA01","LA",1,NA,"Louisiana",NA,"Steve Scalise","R","1","Steve","Scalise","LA01_R_Scalise"
"LA02","LA",2,NA,"Louisiana",NA,"Cedric Richmond","D","1","Cedric","Richmond","LA02_D_Richmond"
"LA02","LA",2,NA,"Louisiana",NA,"Gail Dignam","R","0","Gail","Dignam","LA02_R_Dignam"
"LA03","LA",3,NA,"Louisiana",NA,"Charles Boustany","R","1","Charles","Boustany","LA03_R_Boustany"
"LA03","LA",3,NA,"Louisiana",NA,"Jeff Landry","R","1","Jeff","Landry","LA03_R_Landry"
"LA04","LA",4,NA,"Louisiana",NA,"John Fleming","R","1","John","Fleming","LA04_R_Fleming"
"LA05","LA",5,NA,"Louisiana",NA,"Rodney Alexander","R","1","Rodney","Alexander","LA05_R_Alexander"
"LA06","LA",6,NA,"Louisiana",NA,"Bill Cassidy","R","1","Bill","Cassidy","LA06_R_Cassidy"
"MA01","MA",1,NA,"Massachusetts",NA,"Richard Neal","D","1","Richard","Neal","MA01_D_Neal"
"MA02","MA",2,NA,"Massachusetts",NA,"James McGovern","D","1","James","McGovern","MA02_D_McGovern"
"MA03","MA",3,NA,"Massachusetts",NA,"Niki Tsongas","D","1","Niki","Tsongas","MA03_D_Tsongas"
"MA04","MA",4,NA,"Massachusetts",NA,"Joe Kennedy","D","0","Joe","Kennedy","MA04_D_Kennedy"
"MA04","MA",4,NA,"Massachusetts",NA,"Sean Bielat","R","0","Sean","Bielat","MA04_R_Bielat"
"MA05","MA",5,NA,"Massachusetts",NA,"Ed Markey","D","1","Ed","Markey","MA05_D_Markey"
"MA05","MA",5,NA,"Massachusetts",NA,"Tom Tierney","R","0","Tom","Tierney","MA05_R_Tierney"
"MA06","MA",6,NA,"Massachusetts",NA,"John Tierney","D","1","John","Tierney","MA06_D_Tierney"
"MA06","MA",6,NA,"Massachusetts",NA,"Richard Tisei","R","0","Richard","Tisei","MA06_R_Tisei"
"MA07","MA",7,NA,"Massachusetts",NA,"Mike Capuano","D","1","Mike","Capuano","MA07_D_Capuano"
"MA08","MA",8,NA,"Massachusetts",NA,"Stephen Lynch","D","1","Stephen","Lynch","MA08_D_Lynch"
"MA08","MA",8,NA,"Massachusetts",NA,"Joe Selvaggi","R","0","Joe","Selvaggi","MA08_R_Selvaggi"
"MA09","MA",9,NA,"Massachusetts",NA,"Bill Keating","D","1","Bill","Keating","MA09_D_Keating"
"MA09","MA",9,NA,"Massachusetts",NA,"Adam Chaprales","R","0","Adam","Chaprales","MA09_R_Chaprales"
"MI01","MI",1,NA,"Michigan",NA,"Gary McDowell","D","0","Gary","McDowell","MI01_D_McDowell"
"MI01","MI",1,NA,"Michigan",NA,"Dan Benishek","R","1","Dan","Benishek","MI01_R_Benishek"
"MI02","MI",2,NA,"Michigan",NA,"Bill Huizenga","R","1","Bill","Huizenga","MI02_R_Huizenga"
"MI03","MI",3,NA,"Michigan",NA,"Steve Pestka","D","0","Steve","Pestka","MI03_D_Pestka"
"MI03","MI",3,NA,"Michigan",NA,"Justin Amash","R","1","Justin","Amash","MI03_R_Amash"
"MI04","MI",4,NA,"Michigan",NA,"Dave Camp","R","1","Dave","Camp","MI04_R_Camp"
"MI05","MI",5,NA,"Michigan",NA,"Dan Kildee","D","0","Dan","Kildee","MI05_D_Kildee"
"MI05","MI",5,NA,"Michigan",NA,"Jim Slezak","R","0","Jim","Slezak","MI05_R_Slezak"
"MI06","MI",6,NA,"Michigan",NA,"Mike O'Brien","D","0","Mike","O'Brien","MI06_D_O'Brien"
"MI06","MI",6,NA,"Michigan",NA,"Fred Upton","R","1","Fred","Upton","MI06_R_Upton"
"MI07","MI",7,NA,"Michigan",NA,"Kurt Haskell","D","0","Kurt","Haskell","MI07_D_Haskell"
"MI07","MI",7,NA,"Michigan",NA,"Tim Walberg","R","1","Tim","Walberg","MI07_R_Walberg"
"MI08","MI",8,NA,"Michigan",NA,"Lance Enderle","D","0","Lance","Enderle","MI08_D_Enderle"
"MI08","MI",8,NA,"Michigan",NA,"Mike Rogers","R","1","Mike","Rogers","MI08_R_Rogers"
"MI09","MI",9,NA,"Michigan",NA,"Sander Levin","D","1","Sander","Levin","MI09_D_Levin"
"MI09","MI",9,NA,"Michigan",NA,"Donald Volaric","R","0","Donald","Volaric","MI09_R_Volaric"
"MI10","MI",10,NA,"Michigan",NA,"Chuck Stadler","D","0","Chuck","Stadler","MI10_D_Stadler"
"MI10","MI",10,NA,"Michigan",NA,"Candice Miller","R","1","Candice","Miller","MI10_R_Miller"
"MI11","MI",11,NA,"Michigan",NA,"Syed Taj","D","0","Syed","Taj","MI11_D_Taj"
"MI11","MI",11,NA,"Michigan",NA,"Kerry Bentivolio","R","0","Kerry","Bentivolio","MI11_R_Bentivolio"
"MI12","MI",12,NA,"Michigan",NA,"John Dingell","D","1","John","Dingell","MI12_D_Dingell"
"MI12","MI",12,NA,"Michigan",NA,"Cynthia Kallgren","R","0","Cynthia","Kallgren","MI12_R_Kallgren"
"MI13","MI",13,NA,"Michigan",NA,"John Conyers","D","1","John","Conyers","MI13_D_Conyers"
"MI13","MI",13,NA,"Michigan",NA,"Harry Sawicki","R","0","Harry","Sawicki","MI13_R_Sawicki"
"MI14","MI",14,NA,"Michigan",NA,"Gary Peters","D","1","Gary","Peters","MI14_D_Peters"
"MI14","MI",14,NA,"Michigan",NA,"John Hauler","R","0","John","Hauler","MI14_R_Hauler"
"MN01","MN",1,NA,"Minnesota",NA,"Tim Walz","D","1","Tim","Walz","MN01_D_Walz"
"MN01","MN",1,NA,"Minnesota",NA,"Allen Quist","R","0","Allen","Quist","MN01_R_Quist"
"MN02","MN",2,NA,"Minnesota",NA,"Mike Obermueller","D","0","Mike","Obermueller","MN02_D_Obermueller"
"MN02","MN",2,NA,"Minnesota",NA,"John Kline","R","1","John","Kline","MN02_R_Kline"
"MN03","MN",3,NA,"Minnesota",NA,"Brian Barnes","D","0","Brian","Barnes","MN03_D_Barnes"
"MN03","MN",3,NA,"Minnesota",NA,"Erik Paulsen","R","1","Erik","Paulsen","MN03_R_Paulsen"
"MN04","MN",4,NA,"Minnesota",NA,"Betty McCollum","D","1","Betty","McCollum","MN04_D_McCollum"
"MN04","MN",4,NA,"Minnesota",NA,"Anthony Hernandez","R","0","Anthony","Hernandez","MN04_R_Hernandez"
"MN05","MN",5,NA,"Minnesota",NA,"Keith Ellison","D","1","Keith","Ellison","MN05_D_Ellison"
"MN05","MN",5,NA,"Minnesota",NA,"Chris Fields","R","0","Chris","Fields","MN05_R_Fields"
"MN06","MN",6,NA,"Minnesota",NA,"Jim Graves","D","0","Jim","Graves","MN06_D_Graves"
"MN06","MN",6,NA,"Minnesota",NA,"Michele Bachmann","R","1","Michele","Bachmann","MN06_R_Bachmann"
"MN07","MN",7,NA,"Minnesota",NA,"Collin Peterson","D","1","Collin","Peterson","MN07_D_Peterson"
"MN07","MN",7,NA,"Minnesota",NA,"Lee Byberg","R","0","Lee","Byberg","MN07_R_Byberg"
"MN08","MN",8,NA,"Minnesota",NA,"Rick Nolan","D","0","Rick","Nolan","MN08_D_Nolan"
"MN08","MN",8,NA,"Minnesota",NA,"Chip Cravaack","R","1","Chip","Cravaack","MN08_R_Cravaack"
"MO01","MO",1,NA,"Missouri",NA,"Lacy Clay","D","1","Lacy","Clay","MO01_D_Clay"
"MO01","MO",1,NA,"Missouri",NA,"Robyn Hamlin","R","0","Robyn","Hamlin","MO01_R_Hamlin"
"MO02","MO",2,NA,"Missouri",NA,"Glenn Koenen","D","0","Glenn","Koenen","MO02_D_Koenen"
"MO02","MO",2,NA,"Missouri",NA,"Ann Wagner","R","0","Ann","Wagner","MO02_R_Wagner"
"MO03","MO",3,NA,"Missouri",NA,"Eric Mayer","D","0","Eric","Mayer","MO03_D_Mayer"
"MO03","MO",3,NA,"Missouri",NA,"Blaine Luetkemeyer","R","1","Blaine","Luetkemeyer","MO03_R_Luetkemeyer"
"MO04","MO",4,NA,"Missouri",NA,"Teresa Hensley","D","0","Teresa","Hensley","MO04_D_Hensley"
"MO04","MO",4,NA,"Missouri",NA,"Vicky Hartzler","R","1","Vicky","Hartzler","MO04_R_Hartzler"
"MO05","MO",5,NA,"Missouri",NA,"Emanuel Cleaver","D","1","Emanuel","Cleaver","MO05_D_Cleaver"
"MO05","MO",5,NA,"Missouri",NA,"Jacob Turk","R","0","Jacob","Turk","MO05_R_Turk"
"MO06","MO",6,NA,"Missouri",NA,"Kyle Yarber","D","0","Kyle","Yarber","MO06_D_Yarber"
"MO06","MO",6,NA,"Missouri",NA,"Sam Graves","R","1","Sam","Graves","MO06_R_Graves"
"MO07","MO",7,NA,"Missouri",NA,"Jim Evans","D","0","Jim","Evans","MO07_D_Evans"
"MO07","MO",7,NA,"Missouri",NA,"Billy Long","R","1","Billy","Long","MO07_R_Long"
"MO08","MO",8,NA,"Missouri",NA,"Jack Rushin","D","0","Jack","Rushin","MO08_D_Rushin"
"MO08","MO",8,NA,"Missouri",NA,"Jo Emerson","R","1","Jo","Emerson","MO08_R_Emerson"
"NH01","NH",1,NA,"New Hampshire",NA,"Carol Shea-Porter","D","0","Carol","Shea-Porter","NH01_D_Shea-Porter"
"NH01","NH",1,NA,"New Hampshire",NA,"Frank Guinta","R","1","Frank","Guinta","NH01_R_Guinta"
"NH02","NH",2,NA,"New Hampshire",NA,"Ann Kuster","D","0","Ann","Kuster","NH02_D_Kuster"
"NH02","NH",2,NA,"New Hampshire",NA,"Charles Bass","R","1","Charles","Bass","NH02_R_Bass"
"RI01","RI",1,NA,"Rhode Island",NA,"David Cicilline","D","1","David","Cicilline","RI01_D_Cicilline"
"RI01","RI",1,NA,"Rhode Island",NA,"Brendan Doherty","R","0","Brendan","Doherty","RI01_R_Doherty"
"RI02","RI",2,NA,"Rhode Island",NA,"Jim Langevin","D","1","Jim","Langevin","RI02_D_Langevin"
"RI02","RI",2,NA,"Rhode Island",NA,"Michael Riley","R","0","Michael","Riley","RI02_R_Riley"
"TN01","TN",1,NA,"Tennessee",NA,"Alan Woodruff","D","0","Alan","Woodruff","TN01_D_Woodruff"
"TN01","TN",1,NA,"Tennessee",NA,"Phil Roe","R","1","Phil","Roe","TN01_R_Roe"
"TN02","TN",2,NA,"Tennessee",NA,"Troy Goodale","D","0","Troy","Goodale","TN02_D_Goodale"
"TN02","TN",2,NA,"Tennessee",NA,"John Duncan","R","1","John","Duncan","TN02_R_Duncan"
"TN03","TN",3,NA,"Tennessee",NA,"Mary Headrick","D","0","Mary","Headrick","TN03_D_Headrick"
"TN03","TN",3,NA,"Tennessee",NA,"Chuck Fleischmann","R","1","Chuck","Fleischmann","TN03_R_Fleischmann"
"TN04","TN",4,NA,"Tennessee",NA,"Eric Stewart","D","0","Eric","Stewart","TN04_D_Stewart"
"TN04","TN",4,NA,"Tennessee",NA,"Scott Desjarlais","R","1","Scott","Desjarlais","TN04_R_Desjarlais"
"TN05","TN",5,NA,"Tennessee",NA,"Jim Cooper","D","1","Jim","Cooper","TN05_D_Cooper"
"TN05","TN",5,NA,"Tennessee",NA,"Brad Staats","R","0","Brad","Staats","TN05_R_Staats"
"TN06","TN",6,NA,"Tennessee",NA,"Diane Black","R","1","Diane","Black","TN06_R_Black"
"TN07","TN",7,NA,"Tennessee",NA,"Credo Amouzouvik","D","0","Credo","Amouzouvik","TN07_D_Amouzouvik"
"TN07","TN",7,NA,"Tennessee",NA,"Marsha Blackburn","R","1","Marsha","Blackburn","TN07_R_Blackburn"
"TN08","TN",8,NA,"Tennessee",NA,"Timothy Dixon","D","0","Timothy","Dixon","TN08_D_Dixon"
"TN08","TN",8,NA,"Tennessee",NA,"Stephen Fincher","R","1","Stephen","Fincher","TN08_R_Fincher"
"TN09","TN",9,NA,"Tennessee",NA,"Steve Cohen","D","1","Steve","Cohen","TN09_D_Cohen"
"TN09","TN",9,NA,"Tennessee",NA,"George Flinn","R","0","George","Flinn","TN09_R_Flinn"
"VA11","VA",11,544,"Virginia",NA,"Chris Perkins","R","False","Chris","Perkins","VA11_R_Perkins"
"VT01","VT",1,NA,"Vermont",NA,"Peter Welch","D","1","Peter","Welch","VT01_D_Welch"
"WA01","WA",1,NA,"Washington",NA,"Suzan DelBene","D","0","Suzan","DelBene","WA01_D_DelBene"
"WA01","WA",1,NA,"Washington",NA,"John Koster","R","0","John","Koster","WA01_R_Koster"
"WA02","WA",2,NA,"Washington",NA,"Rick Larsen","D","1","Rick","Larsen","WA02_D_Larsen"
"WA02","WA",2,NA,"Washington",NA,"Dan Matthews","R","0","Dan","Matthews","WA02_R_Matthews"
"WA03","WA",3,NA,"Washington",NA,"Jon Haugen","D","0","Jon","Haugen","WA03_D_Haugen"
"WA03","WA",3,NA,"Washington",NA,"Jaime Beutler","R","1","Jaime","Beutler","WA03_R_Beutler"
"WA04","WA",4,NA,"Washington",NA,"Mary Baechler","D","0","Mary","Baechler","WA04_D_Baechler"
"WA04","WA",4,NA,"Washington",NA,"Doc Hastings","R","1","Doc","Hastings","WA04_R_Hastings"
"WA05","WA",5,NA,"Washington",NA,"Rich Cowan","D","0","Rich","Cowan","WA05_D_Cowan"
"WA05","WA",5,NA,"Washington",NA,"Cathy Rodgers","R","1","Cathy","Rodgers","WA05_R_Rodgers"
"WA06","WA",6,NA,"Washington",NA,"Derek Kilmer","D","0","Derek","Kilmer","WA06_D_Kilmer"
"WA06","WA",6,NA,"Washington",NA,"Bill Driscoll","R","0","Bill","Driscoll","WA06_R_Driscoll"
"WA07","WA",7,NA,"Washington",NA,"Jim McDermott","D","1","Jim","McDermott","WA07_D_McDermott"
"WA07","WA",7,NA,"Washington",NA,"Ron Bemis","R","0","Ron","Bemis","WA07_R_Bemis"
"WA08","WA",8,NA,"Washington",NA,"Karen Porterfield","D","0","Karen","Porterfield","WA08_D_Porterfield"
"WA08","WA",8,NA,"Washington",NA,"Dave Reichert","R","1","Dave","Reichert","WA08_R_Reichert"
"WA09","WA",9,NA,"Washington",NA,"Adam Smith","D","1","Adam","Smith","WA09_D_Smith"
"WA09","WA",9,NA,"Washington",NA,"Jim Postma","R","0","Jim","Postma","WA09_R_Postma"
"WA10","WA",10,NA,"Washington",NA,"Denny Heck","D","0","Denny","Heck","WA10_D_Heck"
"WA10","WA",10,NA,"Washington",NA,"Dick Muri","R","0","Dick","Muri","WA10_R_Muri"
"WI01","WI",1,NA,"Wisconsin",NA,"Rob Zerban","D","0","Rob","Zerban","WI01_D_Zerban"
"WI01","WI",1,NA,"Wisconsin",NA,"Paul Ryan","R","1","Paul","Ryan","WI01_R_Ryan"
"WI02","WI",2,NA,"Wisconsin",NA,"Mark Pocan","D","0","Mark","Pocan","WI02_D_Pocan"
"WI02","WI",2,NA,"Wisconsin",NA,"Chad Lee","R","0","Chad","Lee","WI02_R_Lee"
"WI03","WI",3,NA,"Wisconsin",NA,"Ron Kind","D","1","Ron","Kind","WI03_D_Kind"
"WI03","WI",3,NA,"Wisconsin",NA,"Ray Boland","R","0","Ray","Boland","WI03_R_Boland"
"WI04","WI",4,NA,"Wisconsin",NA,"Gwen Moore","D","1","Gwen","Moore","WI04_D_Moore"
"WI04","WI",4,NA,"Wisconsin",NA,"Dan Sebring","R","0","Dan","Sebring","WI04_R_Sebring"
"WI05","WI",5,NA,"Wisconsin",NA,"David Heaster","D","0","David","Heaster","WI05_D_Heaster"
"WI05","WI",5,NA,"Wisconsin",NA,"Jim Sensenbrenner","R","1","Jim","Sensenbrenner","WI05_R_Sensenbrenner"
"WI06","WI",6,NA,"Wisconsin",NA,"Joe Kallas","D","0","Joe","Kallas","WI06_D_Kallas"
"WI06","WI",6,NA,"Wisconsin",NA,"Tom Petri","R","1","Tom","Petri","WI06_R_Petri"
"WI07","WI",7,NA,"Wisconsin",NA,"Patrick Kreitlow","D","0","Patrick","Kreitlow","WI07_D_Kreitlow"
"WI07","WI",7,NA,"Wisconsin",NA,"Sean Duffy","R","1","Sean","Duffy","WI07_R_Duffy"
"WI08","WI",8,NA,"Wisconsin",NA,"Jamie Wall","D","0","Jamie","Wall","WI08_D_Wall"
"WI08","WI",8,NA,"Wisconsin",NA,"Reid Ribble","R","1","Reid","Ribble","WI08_R_Ribble"
"WY01","WY",1,NA,"Wyoming",NA,"Cynthia Lummis","R","1","Cynthia","Lummis","WY01_R_Lummis"
"AL01","AL",1,5,"Alabama",NA,"Jo Bonner","R","True","Jo","Bonner","AL01_R_Bonner"
"AL02","AL",2,8,"Alabama",NA,"Terese Ford","D","False","Therese","Ford","AL02_D_Ford"
"AL02","AL",2,8,"Alabama",NA,"Martha Roby","R","True","Martha","Roby","AL02_R_Roby"
"AL03","AL",3,9,"Alabama",NA,"John Harris","D","False","John","Harris","AL03_D_Harris"
"AL03","AL",3,9,"Alabama",NA,"Mike Rogers","R","True","Mike","Rogers","AL03_R_Rogers"
"AL04","AL",4,6,"Alabama",NA,"Daniel Boman","D","False","Daniel","Boman","AL04_D_Boman"
"AL04","AL",4,6,"Alabama",NA,"Robert Aderholt","R","True","Robert","Aderholt","AL04_R_Aderholt"
"AL05","AL",5,10,"Alabama",NA,"Charlie Holley","D","False","Charlie","Holley","AL05_D_Holley"
"AL05","AL",5,10,"Alabama",NA,"Mo Brooks","R","True","Mo","Brooks","AL05_R_Brooks"
"AL06","AL",6,11,"Alabama",NA,"Penny Bailey","D","False","Penny","Bailey","AL06_D_Bailey"
"AL06","AL",6,11,"Alabama",NA,"Spencer Bachus","R","True","Spencer","Bachus","AL06_R_Bachus"
"AL07","AL",7,12,"Alabama",NA,"Terri Sewell","D","True","Terri","Sewell","AL07_D_Sewell"
"AL07","AL",7,12,"Alabama",NA,"Don Chamberlain","R","False","Don","Chamberlain","AL07_R_Chamberlain"
"AR01","AR",1,15,"Arkansas",NA,"Scott Ellington","D","False","Scott","Ellington","AR01_D_Ellington"
"AR01","AR",1,15,"Arkansas",NA,"Rick Crawford","R","True","Rick","Crawford","AR01_R_Crawford"
"AR02","AR",2,16,"Arkansas",NA,"Herb Rule","D","False","Herb","Rule","AR02_D_Rule"
"AR02","AR",2,16,"Arkansas",NA,"Tim Griffin","R","True","Tim","Griffin","AR02_R_Griffin"
"AR03","AR",3,19,"Arkansas",NA,"Ken Aden","D","False","Ken","Aden","AR03_D_Aden"
"AR03","AR",3,19,"Arkansas",NA,"Steve Womack","R","True","Steve","Womack","AR03_R_Womack"
"AR04","AR",4,17,"Arkansas",NA,"Gene Jeffress","D","False","Gene","Jeffress","AR04_D_Jeffress"
"AR04","AR",4,17,"Arkansas",NA,"Tom Cotton","R","False","Thomas","Cotton","AR04_R_Cotton"
"CA01","CA",1,83,"California",NA,"Jim Reed","D","False","Jim","Reed","CA01_D_Reed"
"CA01","CA",1,83,"California",NA,"Doug LaMalfa","R","False","Doug","LaMalfa","CA01_R_LaMalfa"
"CA02","CA",2,33,"California",NA,"Jared Huffman","D","False","Jared","Huffman","CA02_D_Huffman"
"CA02","CA",2,33,"California",NA,"Dan Roberts","R","False","Dan","Roberts","CA02_R_Roberts"
"CA03","CA",3,34,"California",NA,"John Garamendi","D","True","John","Garamendi","CA03_D_Garamendi"
"CA03","CA",3,34,"California",NA,"Kim Vann","R","False","Kim","Vann","CA03_R_Vann"
"CA04","CA",4,35,"California",NA,"Jack Uppal","D","False","Jack","Uppal","CA04_D_Uppal"
"CA04","CA",4,35,"California",NA,"Tom McClintock","R","True","Tom","McClintock","CA04_R_McClintock"
"CA05","CA",5,36,"California",NA,"Mike Thompson","D","True","Mike","Thompson","CA05_D_Thompson"
"CA05","CA",5,36,"California",NA,"Randy Loftin","R","False","Randy","Loftin","CA05_R_Loftin"
"CA06","CA",6,37,"California",NA,"Doris Matsui","D","True","Doris","Matsui","CA06_D_Matsui"
"CA06","CA",6,37,"California",NA,"Joseph McCray Sr.","R","False","Joseph","McCray","CA06_R_McCray"
"CA07","CA",7,38,"California",NA,"Ami Bera","D","False","Ami","Bera","CA07_D_Bera"
"CA07","CA",7,38,"California",NA,"Dan Lungren","R","True","Dan","Lungren","CA07_R_Lungren"
"CA09","CA",9,40,"California",NA,"Jerry McNerney","D","True","Jerry","McNerney","CA09_D_McNerney"
"CA09","CA",9,40,"California",NA,"Ricky Gill","R","False","Ricky","Gill","CA09_R_Gill"
"CA10","CA",10,86,"California",NA,"Jose Hernandez","D","False","Jose","Hernandez","CA10_D_Hernandez"
"CA10","CA",10,86,"California",NA,"Jeff Denham","R","True","Jeff","Denham","CA10_R_Denham"
"CA11","CA",11,41,"California",NA,"George Miller","D","True","George","Miller","CA11_D_Miller"
"CA11","CA",11,41,"California",NA,"Virginia Fuller","R","False","Virginia","Fuller","CA11_R_Fuller"
"CA12","CA",12,42,"California",NA,"Nancy Pelosi","D","True","Nancy","Pelosi","CA12_D_Pelosi"
"CA12","CA",12,42,"California",NA,"John Dennis","R","False","John","Dennis","CA12_R_Dennis"
"CA13","CA",13,43,"California",NA,"Barbara Lee","D","True","Barbara","Lee","CA13_D_Lee"
"CA14","CA",14,44,"California",NA,"Jackie Speier","D","True","Jackie","Speier","CA14_D_Speier"
"CA14","CA",14,44,"California",NA,"Debbie Bacigalupi","R","False","Debbie","Bacigalupi","CA14_R_Bacigalupi"
"CA15","CA",15,45,"California",NA,"Pete Stark","D","True","Pete","Stark","CA15_D_Stark"
"CA15","CA",15,45,"California",NA,"Eric Swalwell","D","False","Eric","Swalwell","CA15_D_Swalwell"
"CA16","CA",16,46,"California",NA,"Jim Costa","D","True","Jim","Costa","CA16_D_Costa"
"CA16","CA",16,46,"California",NA,"Brian Whelan","R","False","Brian","Whelan","CA16_R_Whelan"
"CA17","CA",17,47,"California",NA,"Mike Honda","D","True","Mike","Honda","CA17_D_Honda"
"CA17","CA",17,47,"California",NA,"Evelyn Li","R","False","Evelyn","Li","CA17_R_Li"
"CA18","CA",18,48,"California",NA,"Anna Eshoo","D","True","Anna","Eshoo","CA18_D_Eshoo"
"CA18","CA",18,48,"California",NA,"Dave Chapman","R","False","Dave","Chapman","CA18_R_Chapman"
"CA19","CA",19,49,"California",NA,"Zoe Lofgren","D","True","Zoe","Lofgren","CA19_D_Lofgren"
"CA19","CA",19,49,"California",NA,"Robert Murray","R","False","Robert","Murray","CA19_R_Murray"
"CA20","CA",20,50,"California",NA,"Sam Farr","D","True","Sam","Farr","CA20_D_Farr"
"CA20","CA",20,50,"California",NA,"Jeff Taylor","R","False","Jeff","Taylor","CA20_R_Taylor"
"CA21","CA",21,51,"California",NA,"John Hernandez","D","False","John","Hernandez","CA21_D_Hernandez"
"CA21","CA",21,51,"California",NA,"David Valadao","R","False","David","Valadao","CA21_R_Valadao"
"CA22","CA",22,52,"California",NA,"Otto Lee","D","False","Otto","Lee","CA22_D_Lee"
"CA22","CA",22,52,"California",NA,"Devin Nunes","R","True","Devin","Nunes","CA22_R_Nunes"
"CA23","CA",23,53,"California",NA,"Kevin McCarthy","R","True","Kevin","McCarthy","CA23_R_McCarthy"
"CA24","CA",24,54,"California",NA,"Lois Capps","D","True","Lois","Capps","CA24_D_Capps"
"CA24","CA",24,54,"California",NA,"Abel Maldonado","R","False","Abel","Maldonado","CA24_R_Maldonado"
"CA25","CA",25,55,"California",NA,"Lee Rogers","D","False","Lee","Rogers","CA25_D_Rogers"
"CA25","CA",25,55,"California",NA,"Buck McKeon","R","True","Buck","Mckeon","CA25_R_Mckeon"
"CA26","CA",26,56,"California",NA,"Julia Brownley","D","False","Julia","Brownley","CA26_D_Brownley"
"CA26","CA",26,56,"California",NA,"Tony Strickland","R","False","Tony","Strickland","CA26_R_Strickland"
"CA27","CA",27,57,"California",NA,"Judy Chu","D","True","Judy","Chu","CA27_D_Chu"
"CA27","CA",27,57,"California",NA,"Jack Orswell","R","False","Jack","Orswell","CA27_R_Orswell"
"CA28","CA",28,58,"California",NA,"Adam Schiff","D","True","Adam","Schiff","CA28_D_Schiff"
"CA28","CA",28,58,"California",NA,"Phil Jennerjahn","R","False","Phil","Jennerjahn","CA28_R_Jennerjahn"
"CA30","CA",30,60,"California",NA,"Howard Berman","D","True","Howard","Berman","CA30_D_Berman"
"CA30","CA",30,60,"California",NA,"Brad Sherman","D","True","Brad","Sherman","CA30_D_Sherman"
"CA31","CA",31,61,"California",NA,"Gary Miller","R","True","Gary","Miller","CA31_R_Miller"
"CA31","CA",31,61,"California",NA,"Bob Dutton","R","False","Bob","Dutton","CA31_R_Dutton"
"CA32","CA",32,62,"California",NA,"Grace Napolitano","D","True","Grace","Napolitano","CA32_D_Napolitano"
"CA32","CA",32,62,"California",NA,"David Miller","R","False","David","Miller","CA32_R_Miller"
"CA33","CA",33,63,"California",NA,"Henry Waxman","D","True","Henry","Waxman","CA33_D_Waxman"
"CA34","CA",34,64,"California",NA,"Xavier Becerra","D","True","Xavier","Becerra","CA34_D_Becerra"
"CA34","CA",34,64,"California",NA,"Stephen Smith","R","False","Stephen","Smith","CA34_R_Smith"
"CA35","CA",35,65,"California",NA,"Joe Baca","D","True","Joe","Baca","CA35_D_Baca"
"CA35","CA",35,65,"California",NA,"Gloria McLeod","D","False","Gloria","McLeod","CA35_D_McLeod"
"CA36","CA",36,66,"California",NA,"Raul Ruiz","D","False","Raul","Ruiz","CA36_D_Ruiz"
"CA36","CA",36,66,"California",NA,"Mary Bono Mack","R","True","Bono","Mack","CA36_R_Mack"
"CA37","CA",37,67,"California",NA,"Karen Bass","D","True","Karen","Bass","CA37_D_Bass"
"CA38","CA",38,68,"California",NA,"Linda Sanchez","D","True","Linda","Sanchez","CA38_D_Sanchez"
"CA38","CA",38,68,"California",NA,"Benjamin Campos","R","False","Benjamin","Campos","CA38_R_Campos"
"CA39","CA",39,69,"California",NA,"Jay Chen","D","False","Jay","Chen","CA39_D_Chen"
"CA39","CA",39,69,"California",NA,"Ed Royce","R","True","Ed","Royce","CA39_R_Royce"
"CA40","CA",40,70,"California",NA,"Lucille Roybal-Allard","D","True","Lucille","Roybal-Allard","CA40_D_Roybal-Allard"
"CA40","CA",40,70,"California",NA,"David Sanchez","D","False","David","Sanchez","CA40_D_Sanchez"
"CA41","CA",41,71,"California",NA,"Mark Takano","D","False","Mark","Takano","CA41_D_Takano"
"CA41","CA",41,71,"California",NA,"John Tavaglione","R","False","John","Tavaglione","CA41_R_Tavaglione"
"CA42","CA",42,72,"California",NA,"Michael Williamson","D","False","Michael","Williamson","CA42_D_Williamson"
"CA42","CA",42,72,"California",NA,"Ken Calvert","R","True","Ken","Calvert","CA42_R_Calvert"
"CA43","CA",43,73,"California",NA,"Maxine Waters","D","True","Maxine","Waters","CA43_D_Waters"
"CA43","CA",43,73,"California",NA,"Bob Flores","D","False","Bob","Flores","CA43_D_Flores"
"CA44","CA",44,74,"California",NA,"Janice Hahn","D","True","Janice","Hahn","CA44_D_Hahn"
"CA44","CA",44,74,"California",NA,"Laura Richardson","D","True","Laura","Richardson","CA44_D_Richardson"
"CA45","CA",45,75,"California",NA,"Sukhee Kang","D","False","Sukhee","Kang","CA45_D_Kang"
"CA45","CA",45,75,"California",NA,"John Campbell","R","True","John","Campbell","CA45_R_Campbell"
"CA46","CA",46,76,"California",NA,"Loretta Sanchez","D","True","Loretta","Sanchez","CA46_D_Sanchez"
"CA46","CA",46,76,"California",NA,"Jerry Hayden","R","False","Jerry","Hayden","CA46_R_Hayden"
"CA47","CA",47,77,"California",NA,"Alan Lowenthal","D","False","Alan","Lowenthal","CA47_D_Lowenthal"
"CA47","CA",47,77,"California",NA,"Gary Delong","R","False","Gary","Delong","CA47_R_Delong"
"CA48","CA",48,85,"California",NA,"Ron Varasteh","D","False","Ron","Varasteh","CA48_D_Varasteh"
"CA48","CA",48,85,"California",NA,"Dana Rohrabacher","R","True","Dana","Rohrabacher","CA48_R_Rohrabacher"
"CA49","CA",49,78,"California",NA,"Jerry Tetalman","D","False","Jerry","Tetalman","CA49_D_Tetalman"
"CA49","CA",49,78,"California",NA,"Darrell Issa","R","True","Darrell","Issa","CA49_R_Issa"
"CA50","CA",50,79,"California",NA,"David Secor","D","False","David","Secor","CA50_D_Secor"
"CA50","CA",50,79,"California",NA,"Duncan D. Hunter","R","True","Duncan","Hunter","CA50_R_Hunter"
"CA51","CA",51,80,"California",NA,"Juan Vargas","D","False","Juan","Vargas","CA51_D_Vargas"
"CA51","CA",51,80,"California",NA,"Michael Crimmins","R","False","Michael","Crimmins","CA51_R_Crimmins"
"CA52","CA",52,84,"California",NA,"Scott Peters","D","False","Scott","Peters","CA52_D_Peters"
"CA52","CA",52,84,"California",NA,"Brian Bilbray","R","True","Brian","Bilbray","CA52_R_Bilbray"
"CA53","CA",53,81,"California",NA,"Susan Davis","D","True","Susan","Davis","CA53_D_Davis"
"CA53","CA",53,81,"California",NA,"Nick Popaditch","R","False","Nick","Popaditch","CA53_R_Popaditch"
"CO01","CO",1,96,"Colorado",NA,"Diana DeGette","D","True","Diana","DeGette","CO01_D_DeGette"
"CO01","CO",1,96,"Colorado",NA,"Danny Stroud","R","False","Danny","Stroud","CO01_R_Stroud"
"CO02","CO",2,89,"Colorado",NA,"Jared Polis","D","True","Jared","Polis","CO02_D_Polis"
"CO02","CO",2,89,"Colorado",NA,"Kevin Lundberg","R","False","Kevin","Lundberg","CO02_R_Lundberg"
"CO03","CO",3,90,"Colorado",NA,"Sal Pace","D","False","Sal","Pace","CO03_D_Pace"
"CO03","CO",3,90,"Colorado",NA,"Scott Tipton","R","True","Scott","Tipton","CO03_R_Tipton"
"CO04","CO",4,91,"Colorado",NA,"Brandon Shaffer","D","False","Brandon","Shaffer","CO04_D_Shaffer"
"CO04","CO",4,91,"Colorado",NA,"Cory Gardner","R","True","Cory","Gardner","CO04_R_Gardner"
"CO06","CO",6,93,"Colorado",NA,"Joe Miklosi","D","False","Joe","Miklosi","CO06_D_Miklosi"
"CO06","CO",6,93,"Colorado",NA,"Mike Coffman","R","True","Mike","Coffman","CO06_R_Coffman"
"CO07","CO",7,95,"Colorado",NA,"Ed Perlmutter","D","True","Ed","Perlmutter","CO07_D_Perlmutter"
"CO07","CO",7,95,"Colorado",NA,"Joe Coors","R","False","Joe","Coors","CO07_R_Coors"
"IA01","IA",1,160,"Iowa",NA,"Bruce Braley","D","True","Bruce","Braley","IA01_D_Braley"
"IA01","IA",1,160,"Iowa",NA,"Ben Lange","R","False","Ben","Lange","IA01_R_Lange"
"IA02","IA",2,161,"Iowa",NA,"Dave Loebsack","D","True","Dave","Loebsack","IA02_D_Loebsack"
"IA02","IA",2,161,"Iowa",NA,"John Archer","R","False","John","Archer","IA02_R_Archer"
"IA03","IA",3,162,"Iowa",NA,"Leonard Boswell","D","True","Leonard","Boswell","IA03_D_Boswell"
"IA03","IA",3,162,"Iowa",NA,"Tom Latham","R","True","Tom","Latham","IA03_R_Latham"
"IA04","IA",4,163,"Iowa",NA,"Christie Vilsack","D","False","Christie","Vilsack","IA04_D_Vilsack"
"IA04","IA",4,163,"Iowa",NA,"Steve King","R","True","Steve","King","IA04_R_King"
"ID01","ID",1,168,"Idaho",NA,"Jimmy Farris","D","False","Jimmy","Farris","ID01_D_Farris"
"ID01","ID",1,168,"Idaho",NA,"Raul Labrador","R","True","Raul","Labrador","ID01_R_Labrador"
"ID02","ID",2,169,"Idaho",NA,"Nicole LeFavour","D","False","Nicole","Lefavour","ID02_D_Lefavour"
"ID02","ID",2,169,"Idaho",NA,"Mike Simpson","R","True","Mike","Simpson","ID02_R_Simpson"
"IL01","IL",1,174,"Illinois",NA,"Bobby Rush","D","True","Bobby","Rush","IL01_D_Rush"
"IL01","IL",1,174,"Illinois",NA,"Donald Peloquin","R","False","Donald","Peloquin","IL01_R_Peloquin"
"IL02","IL",2,175,"Illinois",NA,"Jesse Jackson Jr.","D","True","Jesse","Jackson","IL02_D_Jackson"
"IL02","IL",2,175,"Illinois",NA,"Brian Woodworth","R","False","Brian","Woodworth","IL02_R_Woodworth"
"IL03","IL",3,176,"Illinois",NA,"Dan Lipinski","D","True","Dan","Lipinski","IL03_D_Lipinski"
"IL03","IL",3,176,"Illinois",NA,"Richard Grabowski","R","False","Richard","Grabowski","IL03_R_Grabowski"
"IL05","IL",5,178,"Illinois",NA,"Mike Quigley","D","True","Mike","Quigley","IL05_D_Quigley"
"IL05","IL",5,178,"Illinois",NA,"Dan Schmitt","R","False","Dan","Schmitt","IL05_R_Schmitt"
"IL06","IL",6,179,"Illinois",NA,"Leslie Coolidge","D","False","Leslie","Coolidge","IL06_D_Coolidge"
"IL06","IL",6,179,"Illinois",NA,"Peter Roskam","R","True","Peter","Roskam","IL06_R_Roskam"
"IL07","IL",7,180,"Illinois",NA,"Danny Davis","D","True","Danny","Davis","IL07_D_Davis"
"IL08","IL",8,181,"Illinois",NA,"Tammy Duckworth","D","False","Tammy","Duckworth","IL08_D_Duckworth"
"IL08","IL",8,181,"Illinois",NA,"Joe Walsh","R","True","Joe","Walsh","IL08_R_Walsh"
"IL09","IL",9,182,"Illinois",NA,"Jan Schakowsky","D","True","Jan","Schakowsky","IL09_D_Schakowsky"
"IL09","IL",9,182,"Illinois",NA,"Timothy Wolfe","R","False","Tim","Wolfe","IL09_R_Wolfe"
"IL10","IL",10,183,"Illinois",NA,"Brad Schneider","D","False","Brad","Schneider","IL10_D_Schneider"
"IL10","IL",10,183,"Illinois",NA,"Robert Dold","R","True","Robert","Dold","IL10_R_Dold"
"IL11","IL",11,184,"Illinois",NA,"Bill Foster","D","False","Bill","Foster","IL11_D_Foster"
"IL11","IL",11,184,"Illinois",NA,"Judy Biggert","R","True","Judy","Biggert","IL11_R_Biggert"
"IL12","IL",12,185,"Illinois",NA,"Bill Enyart","D","False","Bill","Enyart","IL12_D_Enyart"
"IL12","IL",12,185,"Illinois",NA,"Jason Plummer","R","False","Jason","Plummer","IL12_R_Plummer"
"IL13","IL",13,186,"Illinois",NA,"David Gill","D","False","David","Gill","IL13_D_Gill"
"IL13","IL",13,186,"Illinois",NA,"Rodney Davis","R","False","Rodney","Davis","IL13_R_Davis"
"IL14","IL",14,187,"Illinois",NA,"Dennis Anderson","D","False","Dennis","Anderson","IL14_D_Anderson"
"IL14","IL",14,187,"Illinois",NA,"Randy Hultgren","R","True","Randy","Hultgren","IL14_R_Hultgren"
"IL15","IL",15,188,"Illinois",NA,"Angela Michael","D","False","Angela","Michael","IL15_D_Michael"
"IL15","IL",15,188,"Illinois",NA,"John Shimkus","R","True","John","Shimkus","IL15_R_Shimkus"
"IL17","IL",17,190,"Illinois",NA,"Cheri Bustos","D","False","Cheri","Bustos","IL17_D_Bustos"
"IL17","IL",17,190,"Illinois",NA,"Bobby Schilling","R","True","Bobby","Schilling","IL17_R_Schilling"
"IL18","IL",18,191,"Illinois",NA,"Steve Waterworth","D","False","Steve","Waterworth","IL18_D_Waterworth"
"IL18","IL",18,191,"Illinois",NA,"Aaron Schock","R","True","Aaron","Schock","IL18_R_Schock"
"IN01","IN",1,195,"Indiana",NA,"Peter Visclosky","D","True","Pete","Visclosky","IN01_D_Visclosky"
"IN01","IN",1,195,"Indiana",NA,"Joel Phelps","R","False","Joel","Phelps","IN01_R_Phelps"
"IN02","IN",2,196,"Indiana",NA,"Brendan Mullen","D","False","Brendan","Mullen","IN02_D_Mullen"
"IN02","IN",2,196,"Indiana",NA,"Jackie Walorski","R","False","Jackie","Walorski","IN02_R_Walorski"
"IN03","IN",3,197,"Indiana",NA,"Kevin Boyd","D","False","Kevin","Boyd","IN03_D_Boyd"
"IN03","IN",3,197,"Indiana",NA,"Marlin Stutzman","R","True","Marlin","Stutzman","IN03_R_Stutzman"
"IN04","IN",4,198,"Indiana",NA,"Tara Nelson","D","False","Tara","Nelson","IN04_D_Nelson"
"IN04","IN",4,198,"Indiana",NA,"Todd Rokita","R","True","Todd","Rokita","IN04_R_Rokita"
"IN05","IN",5,199,"Indiana",NA,"Scott Reske","D","False","Scott","Reske","IN05_D_Reske"
"IN05","IN",5,199,"Indiana",NA,"Susan Brooks","R","False","Susan","Brooks","IN05_R_Brooks"
"IN06","IN",6,200,"Indiana",NA,"Bradley Bookout","D","False","Bradley","Bookout","IN06_D_Bookout"
"IN06","IN",6,200,"Indiana",NA,"Luke Messer","R","False","Luke","Messer","IN06_R_Messer"
"IN07","IN",7,201,"Indiana",NA,"Andre Carson","D","True","Andre","Carson","IN07_D_Carson"
"IN07","IN",7,201,"Indiana",NA,"Carlos May","R","False","Carlos","May","IN07_R_May"
"IN08","IN",8,202,"Indiana",NA,"Dave Crooks","D","False","David","Crooks","IN08_D_Crooks"
"IN08","IN",8,202,"Indiana",NA,"Larry Bucshon","R","True","Larry","Bucshon","IN08_R_Bucshon"
"IN09","IN",9,203,"Indiana",NA,"Shelli Yoder","D","False","Shelli","Yoder","IN09_D_Yoder"
"IN09","IN",9,203,"Indiana",NA,"Todd Young","R","True","Todd","Young","IN09_R_Young"
"KY01","KY",1,218,"Kentucky",NA,"Charles Hatchett","D","False","Charles","Hatchett","KY01_D_Hatchett"
"KY01","KY",1,218,"Kentucky",NA,"Ed Whitfield","R","True","Ed","Whitfield","KY01_R_Whitfield"
"KY02","KY",2,219,"Kentucky",NA,"David Williams","D","False","David","Williams","KY02_D_Williams"
"KY02","KY",2,219,"Kentucky",NA,"Brett Guthrie","R","True","Brett","Guthrie","KY02_R_Guthrie"
"KY03","KY",3,214,"Kentucky",NA,"John Yarmuth","D","True","John","Yarmuth","KY03_D_Yarmuth"
"KY03","KY",3,214,"Kentucky",NA,"Brooks Wicker","R","False","Brooks","Wicker","KY03_R_Wicker"
"KY04","KY",4,215,"Kentucky",NA,"William Adkins","D","False","Bill","Adkins","KY04_D_Adkins"
"KY04","KY",4,215,"Kentucky",NA,"Thomas Massie","R","False","Thomas","Massie","KY04_R_Massie"
"KY05","KY",5,216,"Kentucky",NA,"Kenneth Stepp","D","False","Ken","Stepp","KY05_D_Stepp"
"KY05","KY",5,216,"Kentucky",NA,"Hal Rogers","R","True","Hal","Rogers","KY05_R_Rogers"
"KY06","KY",6,217,"Kentucky",NA,"Ben Chandler","D","True","Ben","Chandler","KY06_D_Chandler"
"KY06","KY",6,217,"Kentucky",NA,"Andy Barr","R","False","Andy","Barr","KY06_R_Barr"
"MD01","MD",1,246,"Maryland",NA,"Wendy Rosen","D","False","Wendy","Rosen","MD01_D_Rosen"
"MD01","MD",1,246,"Maryland",NA,"Andy Harris","R","True","Andy","Harris","MD01_R_Harris"
"MD02","MD",2,247,"Maryland",NA,"Dutch Ruppersberger","D","True","Dutch","Ruppersberger","MD02_D_Ruppersberger"
"MD02","MD",2,247,"Maryland",NA,"Nancy Jacobs","R","False","Nancy","Jacobs","MD02_R_Jacobs"
"MD03","MD",3,248,"Maryland",NA,"John Sarbanes","D","True","John","Sarbanes","MD03_D_Sarbanes"
"MD03","MD",3,248,"Maryland",NA,"Eric Knowles","R","False","Eric","Knowles","MD03_R_Knowles"
"MD04","MD",4,249,"Maryland",NA,"Donna Edwards","D","True","Donna","Edwards","MD04_D_Edwards"
"MD04","MD",4,249,"Maryland",NA,"Faith Loudon","R","False","Faith","Loudon","MD04_R_Loudon"
"MD05","MD",5,250,"Maryland",NA,"Steny Hoyer","D","True","Steny","Hoyer","MD05_D_Hoyer"
"MD05","MD",5,250,"Maryland",NA,"Tony O'Donnell","R","False","Tony","O'Donnell","MD05_R_O'Donnell"
"MD06","MD",6,251,"Maryland",NA,"John Delaney","D","False","John","Delaney","MD06_D_Delaney"
"MD06","MD",6,251,"Maryland",NA,"Roscoe Bartlett","R","True","Roscoe","Bartlett","MD06_R_Bartlett"
"MD07","MD",7,252,"Maryland",NA,"Elijah Cummings","D","True","Elijah","Cummings","MD07_D_Cummings"
"MD07","MD",7,252,"Maryland",NA,"Frank Mirabile","R","False","Frank","Mirabile","MD07_R_Mirabile"
"MD08","MD",8,253,"Maryland",NA,"Chris Van Hollen","D","True","Chris","Van Hollen","MD08_D_Van Hollen"
"MD08","MD",8,253,"Maryland",NA,"Ken Timmerman","R","False","Ken","Timmerman","MD08_R_Timmerman"
"ME01","ME",1,257,"Maine",NA,"Chellie Pingree","D","True","Chellie","Pingree","ME01_D_Pingree"
"ME01","ME",1,257,"Maine",NA,"Jonathan Courtney","R","False","Jon","Courtney","ME01_R_Courtney"
"ME02","ME",2,258,"Maine",NA,"Mike Michaud","D","True","Mike","Michaud","ME02_D_Michaud"
"ME02","ME",2,258,"Maine",NA,"Kevin Raye","R","False","Kevin","Raye","ME02_R_Raye"
"MS01","MS",1,304,"Mississippi",NA,"Brad Morris","D","False","Brad","Morris","MS01_D_Morris"
"MS01","MS",1,304,"Mississippi",NA,"Alan Nunnelee","R","True","Alan","Nunnelee","MS01_R_Nunnelee"
"MS02","MS",2,303,"Mississippi",NA,"Bennie Thompson","D","True","Bennie","Thompson","MS02_D_Thompson"
"MS02","MS",2,303,"Mississippi",NA,"Bill Marcy","R","False","Bill","Marcy","MS02_R_Marcy"
"MS03","MS",3,305,"Mississippi",NA,"Crystal Biggs","D","False","Crystal","Biggs","MS03_D_Biggs"
"MS03","MS",3,305,"Mississippi",NA,"Gregg Harper","R","True","Gregg","Harper","MS03_R_Harper"
"MS04","MS",4,306,"Mississippi",NA,"Michael Herrington","D","False","Michael","Herrington","MS04_D_Herrington"
"MS04","MS",4,306,"Mississippi",NA,"Steven Palazzo","R","True","Steven","Palazzo","MS04_R_Palazzo"
"MT01","MT",1,310,"Montana",NA,"Kim Gillan","D","False","Kim","Gillan","MT01_D_Gillan"
"MT01","MT",1,310,"Montana",NA,"Steve Daines","R","False","Steve","Daines","MT01_R_Daines"
"NC01","NC",1,318,"North Carolina",NA,"G.K. Butterfield","D","True","G","Butterfield","NC01_D_Butterfield"
"NC01","NC",1,318,"North Carolina",NA,"Pete DiLauro","R","False","Peter","DiLauro","NC01_R_DiLauro"
"NC02","NC",2,319,"North Carolina",NA,"Steve Wilkins","D","False","Steve","Wilkins","NC02_D_Wilkins"
"NC02","NC",2,319,"North Carolina",NA,"Renee Ellmers","R","True","Renee","Ellmers","NC02_R_Ellmers"
"NC03","NC",3,314,"North Carolina",NA,"Erik Anderson","D","False","Erik","Anderson","NC03_D_Anderson"
"NC03","NC",3,314,"North Carolina",NA,"Walter Jones","R","True","Walter","Jones","NC03_R_Jones"
"NC04","NC",4,320,"North Carolina",NA,"David Price","D","True","David","Price","NC04_D_Price"
"NC04","NC",4,320,"North Carolina",NA,"Tim D'Annunzio","R","False","Tim","D'Annunzio","NC04_R_D'Annunzio"
"NC05","NC",5,321,"North Carolina",NA,"Elisabeth Motsinger","D","False","Elisabeth","Motsinger","NC05_D_Motsinger"
"NC05","NC",5,321,"North Carolina",NA,"Virginia Foxx","R","True","Virginia","Foxx","NC05_R_Foxx"
"NC06","NC",6,322,"North Carolina",NA,"Tony Foriest","D","False","Tony","Foriest","NC06_D_Foriest"
"NC06","NC",6,322,"North Carolina",NA,"Howard Coble","R","True","Howard","Coble","NC06_R_Coble"
"NC07","NC",7,315,"North Carolina",NA,"Mike McIntyre","D","True","Mike","McIntyre","NC07_D_McIntyre"
"NC07","NC",7,315,"North Carolina",NA,"David Rouzer","R","False","David","Rouzer","NC07_R_Rouzer"
"NC08","NC",8,323,"North Carolina",NA,"Larry Kissell","D","True","Larry","Kissell","NC08_D_Kissell"
"NC08","NC",8,323,"North Carolina",NA,"Richard Hudson","R","False","Richard","Hudson","NC08_R_Hudson"
"NC09","NC",9,316,"North Carolina",NA,"Jennifer Roberts","D","False","Jennifer","Roberts","NC09_D_Roberts"
"NC09","NC",9,316,"North Carolina",NA,"Robert Pittenger","R","False","Robert","Pittenger","NC09_R_Pittenger"
"NC10","NC",10,324,"North Carolina",NA,"Patsy Keever","D","False","Patsy","Keever","NC10_D_Keever"
"NC10","NC",10,324,"North Carolina",NA,"Patrick McHenry","R","True","Patrick","McHenry","NC10_R_McHenry"
"NC11","NC",11,317,"North Carolina",NA,"Hayden Rogers","D","False","Hayden","Rogers","NC11_D_Rogers"
"NC11","NC",11,317,"North Carolina",NA,"Mark Meadows","R","False","Mark","Meadows","NC11_R_Meadows"
"NC12","NC",12,325,"North Carolina",NA,"Mel Watt","D","True","Melvin","Watt","NC12_D_Watt"
"NC12","NC",12,325,"North Carolina",NA,"Jack Brosch","R","False","Jack","Brosch","NC12_R_Brosch"
"NC13","NC",13,326,"North Carolina",NA,"Charles Malone","D","False","Charles","Malone","NC13_D_Malone"
"NC13","NC",13,326,"North Carolina",NA,"George Holding","R","False","George","Holding","NC13_R_Holding"
"ND01","ND",1,330,"North Dakota",NA,"Pam Gulleson","D","False","Pam","Gulleson","ND01_D_Gulleson"
"ND01","ND",1,330,"North Dakota",NA,"Kevin Cramer","R","False","Kevin","Cramer","ND01_R_Cramer"
"NE01","NE",1,335,"Nebraska",NA,"Korey Reiman","D","False","Korey","Reiman","NE01_D_Reiman"
"NE01","NE",1,335,"Nebraska",NA,"Jeff Fortenberry","R","True","Jeff","Fortenberry","NE01_R_Fortenberry"
"NE02","NE",2,337,"Nebraska",NA,"John Ewing","D","False","John","Ewing","NE02_D_Ewing"
"NE02","NE",2,337,"Nebraska",NA,"Lee Terry","R","True","Lee","Terry","NE02_R_Terry"
"NE03","NE",3,336,"Nebraska",NA,"Mark Sullivan","D","False","Mark","Sullivan","NE03_D_Sullivan"
"NE03","NE",3,336,"Nebraska",NA,"Adrian Smith","R","True","Adrian","Smith","NE03_R_Smith"
"NJ01","NJ",1,345,"New Jersey",NA,"Robert Andrews","D","True","Robert","Andrews","NJ01_D_Andrews"
"NJ01","NJ",1,345,"New Jersey",NA,"Greg Horton","R","False","Gregory","Horton","NJ01_R_Horton"
"NJ02","NJ",2,346,"New Jersey",NA,"Cassandra Shober","D","False","Cassandra","Shober","NJ02_D_Shober"
"NJ02","NJ",2,346,"New Jersey",NA,"Frank LoBiondo","R","True","Frank","LoBiondo","NJ02_R_LoBiondo"
"NJ03","NJ",3,351,"New Jersey",NA,"Shelley Adler","D","False","Shelley","Adler","NJ03_D_Adler"
"NJ03","NJ",3,351,"New Jersey",NA,"Jon Runyan","R","True","Jon","Runyan","NJ03_R_Runyan"
"NJ04","NJ",4,347,"New Jersey",NA,"Brian Froelich","D","False","Brian","Froelich","NJ04_D_Froelich"
"NJ04","NJ",4,347,"New Jersey",NA,"Chris Smith","R","True","Chris","Smith","NJ04_R_Smith"
"NJ05","NJ",5,348,"New Jersey",NA,"Adam Gussen","D","False","Adam","Gussen","NJ05_D_Gussen"
"NJ05","NJ",5,348,"New Jersey",NA,"Scott Garrett","R","True","Scott","Garrett","NJ05_R_Garrett"
"NJ06","NJ",6,349,"New Jersey",NA,"Frank Pallone","D","True","Frank","Pallone","NJ06_D_Pallone"
"NJ06","NJ",6,349,"New Jersey",NA,"Anna Little","R","False","Anna","Little","NJ06_R_Little"
"NJ07","NJ",7,352,"New Jersey",NA,"Upendra Chivukula","D","False","Upendra","Chivukula","NJ07_D_Chivukula"
"NJ07","NJ",7,352,"New Jersey",NA,"Leonard Lance","R","True","Leonard","Lance","NJ07_R_Lance"
"NJ08","NJ",8,350,"New Jersey",NA,"Albio Sires","D","True","Albio","Sires","NJ08_D_Sires"
"NJ08","NJ",8,350,"New Jersey",NA,"Maria Karczewski","R","False","Maria","Karczewski","NJ08_R_Karczewski"
"NJ09","NJ",9,355,"New Jersey",NA,"Bill Pascrell","D","True","Bill","Pascrell","NJ09_D_Pascrell"
"NJ09","NJ",9,355,"New Jersey",NA,"Shmuley Boteach","R","False","Shmuley","Boteach","NJ09_R_Boteach"
"NJ10","NJ",10,353,"New Jersey",NA,"Donald Payne Jr.","D","False","Donald","Payne","NJ10_D_Payne"
"NJ10","NJ",10,353,"New Jersey",NA,"Brian Kelemen","R","False","Brian","Keleman","NJ10_R_Keleman"
"NJ11","NJ",11,357,"New Jersey",NA,"John Arvanites","D","False","John","Arvanites","NJ11_D_Arvanites"
"NJ11","NJ",11,357,"New Jersey",NA,"Rodney Frelinghuysen","R","True","Rodney","Frelinghuysen","NJ11_R_Frelinghuysen"
"NJ12","NJ",12,354,"New Jersey",NA,"Rush Holt","D","True","Rush","Holt","NJ12_D_Holt"
"NJ12","NJ",12,354,"New Jersey",NA,"Eric Beck","R","False","Eric","Beck","NJ12_R_Beck"
"NM01","NM",1,360,"New Mexico",NA,"Michelle Lujan Grisham","D","False","Michelle","Grisham","NM01_D_Grisham"
"NM01","NM",1,360,"New Mexico",NA,"Janice Arnold-Jones","R","False","Janice","Arnold-Jones","NM01_R_Arnold-Jones"
"NM02","NM",2,363,"New Mexico",NA,"Evelyn Erhard","D","False","Evelyn","Erhard","NM02_D_Erhard"
"NM02","NM",2,363,"New Mexico",NA,"Steve Pearce","R","True","Steve","Pearce","NM02_R_Pearce"
"NM03","NM",3,361,"New Mexico",NA,"Ben R. Lujan","D","True","Ben","Lujan","NM03_D_Lujan"
"NM03","NM",3,361,"New Mexico",NA,"Jefferson Byrd","R","False","Jeff","Byrd","NM03_R_Byrd"
"NV01","NV",1,366,"Nevada",NA,"Dina Titus","D","False","Dina","Titus","NV01_D_Titus"
"NV01","NV",1,366,"Nevada",NA,"Christopher Edwards","R","False","Chris","Edwards","NV01_R_Edwards"
"NV02","NV",2,367,"Nevada",NA,"Samuel Koepnick","D","False","Sam","Koepnick","NV02_D_Koepnick"
"NV02","NV",2,367,"Nevada",NA,"Mark Amodei","R","True","Mark","Amodei","NV02_R_Amodei"
"NV03","NV",3,369,"Nevada",NA,"John Oceguera","D","False","John","Oceguera","NV03_D_Oceguera"
"NV03","NV",3,369,"Nevada",NA,"Joe Heck","R","True","Joe","Heck","NV03_R_Heck"
"NV04","NV",4,604,"Nevada",NA,"Steven Horsford","D","False","Steven","Horsford","NV04_D_Horsford"
"NV04","NV",4,604,"Nevada",NA,"Danny Tarkanian","R","False","Danny","Tarkanian","NV04_R_Tarkanian"
"NY01","NY",1,372,"New York",NA,"Timothy Bishop","D","True","Tim","Bishop","NY01_D_Bishop"
"NY01","NY",1,372,"New York",NA,"Randy Altschuler","R","False","Randy","Altschuler","NY01_R_Altschuler"
"NY02","NY",2,373,"New York",NA,"Vivianne Falcone","D","False","Vivanne","Falcone","NY02_D_Falcone"
"NY02","NY",2,373,"New York",NA,"Peter King","R","True","Pete","King","NY02_R_King"
"NY03","NY",3,374,"New York",NA,"Steve Israel","D","True","Steve","Israel","NY03_D_Israel"
"NY03","NY",3,374,"New York",NA,"Stephen Labate","R","False","Stephen","Labate","NY03_R_Labate"
"NY04","NY",4,375,"New York",NA,"Carolyn McCarthy","D","True","Carolyn","McCarthy","NY04_D_McCarthy"
"NY04","NY",4,375,"New York",NA,"Francis Becker","R","False","Francis","Becker","NY04_R_Becker"
"NY05","NY",5,376,"New York",NA,"Gregory Meeks","D","True","Gregory","Meeks","NY05_D_Meeks"
"NY05","NY",5,376,"New York",NA,"Allan Jennings","R","False","Allan","Jennings","NY05_D_Jennings"
"NY06","NY",6,377,"New York",NA,"Grace Meng","D","False","Grace","Meng","NY06_D_Meng"
"NY06","NY",6,377,"New York",NA,"Daniel Halloran","R","False","Daniel","Halloran","NY06_R_Halloran"
"NY07","NY",7,378,"New York",NA,"Nydia Velazquez","D","True","Nydia","Velazquez","NY07_D_Velazquez"
"NY08","NY",8,379,"New York",NA,"Hakeem Jeffries","D","False","Hakeem","Jeffries","NY08_D_Jeffries"
"NY08","NY",8,379,"New York",NA,"Alan Bellone","R","False","Alan","Bellone","NY08_R_Bellone"
"NY09","NY",9,380,"New York",NA,"Yvette Clarke","D","True","Yvette","Clarke","NY09_D_Clarke"
"NY09","NY",9,380,"New York",NA,"Daniel Cavanagh","R","False","Daniel","Cavanagh","NY09_R_Cavanagh"
"NY10","NY",10,381,"New York",NA,"Jerrold Nadler","D","True","Jerrold","Nadler","NY10_D_Nadler"
"NY10","NY",10,381,"New York",NA,"Michael Chan","R","False","Michael","Chan","NY10_R_Chan"
"NY11","NY",11,382,"New York",NA,"Mark Murphy","D","False","Mark","Murphy","NY11_D_Murphy"
"NY11","NY",11,382,"New York",NA,"Mike Grimm","R","True","Mike","Grimm","NY11_R_Grimm"
"NY12","NY",12,383,"New York",NA,"Carolyn Maloney","D","True","Carolyn","Maloney","NY12_D_Maloney"
"NY12","NY",12,383,"New York",NA,"Christopher Wight","R","False","Christopher","Wight","NY12_R_Wight"
"NY13","NY",13,384,"New York",NA,"Charles Rangel","D","True","Charles","Rangel","NY13_D_Rangel"
"NY14","NY",14,385,"New York",NA,"Joe Crowley","D","True","Joseph","Crowley","NY14_D_Crowley"
"NY14","NY",14,385,"New York",NA,"William Gibbons","R","False","William","Gibbons","NY14_R_Gibbons"
"NY15","NY",15,386,"New York",NA,"Jose E. Serrano","D","True","Jose","Serrano","NY15_D_Serrano"
"NY15","NY",15,386,"New York",NA,"Frank Della Valle","R","False","Frank","Valle","NY15_R_Valle"
"NY16","NY",16,387,"New York",NA,"Eliot Engel","D","True","Eliot","Engel","NY16_D_Engel"
"NY16","NY",16,387,"New York",NA,"Joseph McLaughlin","R","False","Joseph","McLaughlin","NY16_R_McLaughlin"
"NY17","NY",17,388,"New York",NA,"Nita Lowey","D","True","Nita","Lowey","NY17_D_Lowey"
"NY17","NY",17,388,"New York",NA,"Joe Carvin","R","False","Joseph","Carvin","NY17_R_Carvin"
"NY18","NY",18,389,"New York",NA,"Sean Maloney","D","False","Sean","Maloney","NY18_D_Maloney"
"NY18","NY",18,389,"New York",NA,"Nan Hayworth","R","True","Nan","Hayworth","NY18_R_Hayworth"
"NY19","NY",19,390,"New York",NA,"Julian Schreibman","D","False","Julian","Schreibman","NY19_D_Schreibman"
"NY19","NY",19,390,"New York",NA,"Christopher Gibson","R","True","Chris","Gibson","NY19_R_Gibson"
"NY20","NY",20,391,"New York",NA,"Paul Tonko","D","True","Paul","Tonko","NY20_D_Tonko"
"NY20","NY",20,391,"New York",NA,"Robert Dieterich","R","False","Bob","Dieterich","NY20_R_Dieterich"
"NY21","NY",21,392,"New York",NA,"Bill Owens","D","True","Bill","Owens","NY21_D_Owens"
"NY21","NY",21,392,"New York",NA,"Matthew Doheny","R","False","Matt","Doheny","NY21_R_Doheny"
"NY22","NY",22,393,"New York",NA,"Dan Lamb","D","False","Dan","Lamb","NY22_D_Lamb"
"NY22","NY",22,393,"New York",NA,"Richard Hanna","R","True","Richard","Hanna","NY22_R_Hanna"
"NY23","NY",23,394,"New York",NA,"Nate Shinagawa","D","False","Nathan","Shinagawa","NY23_D_Shinagawa"
"NY23","NY",23,394,"New York",NA,"Thomas Reed","R","True","Tom","Reed","NY23_R_Reed"
"NY24","NY",24,395,"New York",NA,"Daniel Maffei","D","False","Dan","Maffei","NY24_D_Maffei"
"NY24","NY",24,395,"New York",NA,"Ann Marie Buerkle","R","True","Ann","Buerkle","NY24_R_Buerkle"
"NY25","NY",25,396,"New York",NA,"Louise Slaughter","D","True","Louise","Slaughter","NY25_D_Slaughter"
"NY25","NY",25,396,"New York",NA,"Maggie Brooks","R","False","Maggie","Brooks","NY25_R_Brooks"
"NY26","NY",26,397,"New York",NA,"Brian Higgins","D","True","Brian","Higgins","NY26_D_Higgins"
"NY26","NY",26,397,"New York",NA,"Michael Madigan","R","False","Mike","Madigan","NY26_R_Madigan"
"NY27","NY",27,398,"New York",NA,"Kathy Hochul","D","True","Kathy","Hochul","NY27_D_Hochul"
"NY27","NY",27,398,"New York",NA,"Chris Collins","R","False","Chris","Collins","NY27_R_Collins"
"OH01","OH",1,405,"Ohio",NA,"Jeff Sinnard","D","False","Jeff","Sinnard","OH01_D_Sinnard"
"OH01","OH",1,405,"Ohio",NA,"Steve Chabot","R","True","Steve","Chabot","OH01_R_Chabot"
"OH02","OH",2,422,"Ohio",NA,"William Smith","D","False","William","Smith","OH02_D_Smith"
"OH02","OH",2,422,"Ohio",NA,"Brad Wenstrup","R","False","Brad","Wenstrup","OH02_R_Wenstrup"
"OH03","OH",3,406,"Ohio",NA,"Joyce Beatty","D","False","Joyce","Beatty","OH03_D_Beatty"
"OH03","OH",3,406,"Ohio",NA,"Chris Long","R","False","Chris","Long","OH03_R_Long"
"OH04","OH",4,407,"Ohio",NA,"Jim Slone","D","False","Jim","Slone","OH04_D_Slone"
"OH04","OH",4,407,"Ohio",NA,"Jim Jordan","R","True","James","Jordan","OH04_R_Jordan"
"OH05","OH",5,408,"Ohio",NA,"Angela Zimmann","D","False","Angela","Zimmann","OH05_D_Zimmann"
"OH05","OH",5,408,"Ohio",NA,"Bob Latta","R","True","Bob","Latta","OH05_R_Latta"
"OH06","OH",6,409,"Ohio",NA,"Charlie Wilson","D","False","Charlie","Wilson","OH06_D_Wilson"
"OH06","OH",6,409,"Ohio",NA,"Bill Johnson","R","True","Bill","Johnson","OH06_R_Johnson"
"OH07","OH",7,410,"Ohio",NA,"Joyce Healy-Abrams","D","False","Joyce","Healy-Abrams","OH07_D_Healy-Abrams"
"OH07","OH",7,410,"Ohio",NA,"Bob Gibbs","R","True","Bob","Gibbs","OH07_R_Gibbs"
"OH08","OH",8,411,"Ohio",NA,"John Boehner","R","True","John","Boehner","OH08_R_Boehner"
"OH09","OH",9,412,"Ohio",NA,"Marcy Kaptur","D","True","Marcy","Kaptur","OH09_D_Kaptur"
"OH09","OH",9,412,"Ohio",NA,"Samuel Wurzelbacher","R","False","Samuel","Wurzelbacher","OH09_R_Wurzelbacher"
"OH10","OH",10,413,"Ohio",NA,"Sharen Swartz Neuhardt","D","False","Sharen","Neuhardt","OH10_D_Neuhardt"
"OH10","OH",10,413,"Ohio",NA,"Mike Turner","R","True","Michael","Turner","OH10_R_Turner"
"OH11","OH",11,414,"Ohio",NA,"Marcia Fudge","D","True","Marcia","Fudge","OH11_D_Fudge"
"OH12","OH",12,415,"Ohio",NA,"Jim Reese","D","False","James","Reese","OH12_D_Reese"
"OH12","OH",12,415,"Ohio",NA,"Pat Tiberi","R","True","Patrick","Tiberi","OH12_R_Tiberi"
"OH13","OH",13,416,"Ohio",NA,"Tim Ryan","D","True","Tim","Ryan","OH13_D_Ryan"
"OH13","OH",13,416,"Ohio",NA,"Marisha Agana","R","False","Marisha","Agana","OH13_R_Agana"
"OH14","OH",14,417,"Ohio",NA,"Dale Blanchard","D","False","Dale","Blanchard","OH14_D_Blanchard"
"OH14","OH",14,417,"Ohio",NA,"Steven LaTourette","R","True","Steven","LaTourette","OH14_R_LaTourette"
"OH15","OH",15,418,"Ohio",NA,"Pat Lang","D","False","Pat","Lang","OH15_D_Lang"
"OH15","OH",15,418,"Ohio",NA,"Steve Stivers","R","True","Steve","Stivers","OH15_R_Stivers"
"OH16","OH",16,419,"Ohio",NA,"Betty Sutton","D","True","Betty","Sutton","OH16_D_Sutton"
"OH16","OH",16,419,"Ohio",NA,"Jim Renacci","R","True","Jim","Renacci","OH16_R_Renacci"
"OK01","OK",1,425,"Oklahoma",NA,"John Olson","D","False","John","Olson","OK01_D_Olson"
"OK01","OK",1,425,"Oklahoma",NA,"Jim Bridenstine","R","False","James","Bridenstine","OK01_R_Bridenstine"
"OK02","OK",2,428,"Oklahoma",NA,"Rob Wallace","D","False","Rob","Wallace","OK02_D_Wallace"
"OK02","OK",2,428,"Oklahoma",NA,"Markwayne Mullin","R","False","Markwayne","Mullin","OK02_R_Mullin"
"OK03","OK",3,426,"Oklahoma",NA,"Timothy Murray","D","False","Tim","Murray","OK03_D_Murray"
"OK03","OK",3,426,"Oklahoma",NA,"Frank Lucas","R","True","Frank","Lucas","OK03_R_Lucas"
"OK04","OK",4,427,"Oklahoma",NA,"Donna Bebo","D","False","Donna","Bebo","OK04_D_Bebo"
"OK04","OK",4,427,"Oklahoma",NA,"Tom Cole","R","True","Tom","Cole","OK04_R_Cole"
"OK05","OK",5,429,"Oklahoma",NA,"Tom Guild","D","False","Tom","Guild","OK05_D_Guild"
"OK05","OK",5,429,"Oklahoma",NA,"James Lankford","R","True","James","Lankford","OK05_R_Lankford"
"OR01","OR",1,434,"Oregon",NA,"Suzanne Bonamici","D","True","Suzanne","Bonamici","OR01_D_Bonamici"
"OR01","OR",1,434,"Oregon",NA,"Delinda Morgan","R","False","Delinda","Morgan","OR01_R_Morgan"
"OR02","OR",2,435,"Oregon",NA,"Joyce Segers","D","False","Joyce","Segers","OR02_D_Segers"
"OR02","OR",2,435,"Oregon",NA,"Greg Walden","R","True","Greg","Walden","OR02_R_Walden"
"OR03","OR",3,436,"Oregon",NA,"Earl Blumenauer","D","True","Earl","Blumenauer","OR03_D_Blumenauer"
"OR03","OR",3,436,"Oregon",NA,"Ronald Green","R","False","Ronald","Green","OR03_R_Green"
"OR04","OR",4,437,"Oregon",NA,"Peter DeFazio","D","True","Peter","DeFazio","OR04_D_DeFazio"
"OR04","OR",4,437,"Oregon",NA,"Art Robinson","R","False","Art","Robinson","OR04_R_Robinson"
"OR05","OR",5,438,"Oregon",NA,"Kurt Schrader","D","True","Kurt","Schrader","OR05_D_Schrader"
"OR05","OR",5,438,"Oregon",NA,"Fred Thompson","R","False","Fred","Thompson","OR05_R_Thompson"
"PA01","PA",1,441,"Pennsylvania",NA,"Robert Brady","D","True","Robert","Brady","PA01_D_Brady"
"PA01","PA",1,441,"Pennsylvania",NA,"John Featherman","R","False","John","Featherman","PA01_R_Featherman"
"PA02","PA",2,459,"Pennsylvania",NA,"Chaka Fattah","D","True","Chaka","Fattah","PA02_D_Fattah"
"PA02","PA",2,459,"Pennsylvania",NA,"Robert Mansfield","R","False","Robert","Mansfield","PA02_R_Mansfield"
"PA03","PA",3,442,"Pennsylvania",NA,"Missa Eaton","D","False","Melissa","Eaton","PA03_D_Eaton"
"PA03","PA",3,442,"Pennsylvania",NA,"Mike Kelly","R","True","Mike","Kelly","PA03_R_Kelly"
"PA04","PA",4,443,"Pennsylvania",NA,"Harry Perkinson","D","False","Harry","Perkinson","PA04_D_Perkinson"
"PA04","PA",4,443,"Pennsylvania",NA,"Scott Perry","R","False","Scott","Perry","PA04_R_Perry"
"PA05","PA",5,444,"Pennsylvania",NA,"Charles Dumas","D","False","Charles","Dumas","PA05_D_Dumas"
"PA05","PA",5,444,"Pennsylvania",NA,"Glenn Thompson","R","True","Glenn","Thompson","PA05_R_Thompson"
"PA06","PA",6,445,"Pennsylvania",NA,"Manan Trivedi","D","False","Manan","Trivedi","PA06_D_Trivedi"
"PA06","PA",6,445,"Pennsylvania",NA,"Jim Gerlach","R","True","Jim","Gerlach","PA06_R_Gerlach"
"PA07","PA",7,446,"Pennsylvania",NA,"George Badey","D","False","George","Badey","PA07_D_Badey"
"PA07","PA",7,446,"Pennsylvania",NA,"Patrick Meehan","R","True","Patrick","Meehan","PA07_R_Meehan"
"PA08","PA",8,447,"Pennsylvania",NA,"Kathy Boockvar","D","False","Kathryn","Boockvar","PA08_D_Boockvar"
"PA08","PA",8,447,"Pennsylvania",NA,"Mike Fitzpatrick","R","True","Michael","Fitzpatrick","PA08_R_Fitzpatrick"
"PA09","PA",9,460,"Pennsylvania",NA,"Bill Shuster","R","True","Bill","Shuster","PA09_R_Shuster"
"PA10","PA",10,448,"Pennsylvania",NA,"Philip Scollo","D","False","Philip","Scollo","PA10_D_Scollo"
"PA10","PA",10,448,"Pennsylvania",NA,"Thomas Marino","R","True","Tom","Marino","PA10_R_Marino"
"PA11","PA",11,449,"Pennsylvania",NA,"Gene Stilp","D","False","Gene","Stilp","PA11_D_Stilp"
"PA11","PA",11,449,"Pennsylvania",NA,"Lou Barletta","R","True","Lou","Barletta","PA11_R_Barletta"
"PA12","PA",12,450,"Pennsylvania",NA,"Mark Critz","D","True","Mark","Critz","PA12_D_Critz"
"PA12","PA",12,450,"Pennsylvania",NA,"Keith Rothfus","R","False","Keith","Rothfus","PA12_R_Rothfus"
"PA13","PA",13,451,"Pennsylvania",NA,"Allyson Schwartz","D","True","Allyson","Schwartz","PA13_D_Schwartz"
"PA13","PA",13,451,"Pennsylvania",NA,"Joseph Rooney","R","False","Joe","Rooney","PA13_R_Rooney"
"PA14","PA",14,452,"Pennsylvania",NA,"Mike Doyle","D","True","Mike","Doyle","PA14_D_Doyle"
"PA14","PA",14,452,"Pennsylvania",NA,"Hans Lessmann","R","False","Hans","Lessmann","PA14_R_Lessmann"
"PA15","PA",15,453,"Pennsylvania",NA,"Richard Daugherty","D","False","Rick","Daugherty","PA15_D_Daugherty"
"PA15","PA",15,453,"Pennsylvania",NA,"Charles Dent","R","True","Charlie","Dent","PA15_R_Dent"
"PA16","PA",16,454,"Pennsylvania",NA,"Aryanna Strader","D","False","Aryanna","Strader","PA16_D_Strader"
"PA16","PA",16,454,"Pennsylvania",NA,"Joseph Pitts","R","True","Joe","Pitts","PA16_R_Pitts"
"PA17","PA",17,455,"Pennsylvania",NA,"Matthew Cartwright","D","False","Matt","Cartwright","PA17_D_Cartwright"
"PA17","PA",17,455,"Pennsylvania",NA,"Laureen Cummings","R","False","Laureen","Cummings","PA17_R_Cummings"
"PA18","PA",18,456,"Pennsylvania",NA,"Larry Maggi","D","False","Larry","Maggi","PA18_D_Maggi"
"PA18","PA",18,456,"Pennsylvania",NA,"Tim Murphy","R","True","Tim","Murphy","PA18_R_Murphy"
"SC01","SC",1,468,"South Carolina",NA,"Bobbie Rose","D","False","Bobbie","Rose","SC01_D_Rose"
"SC01","SC",1,468,"South Carolina",NA,"Tim Scott","R","True","Tim","Scott","SC01_R_Scott"
"SC02","SC",2,469,"South Carolina",NA,"Joe Wilson","R","True","Joe","Wilson","SC02_R_Wilson"
"SC03","SC",3,470,"South Carolina",NA,"Brian Doyle","D","False","Brian","Doyle","SC03_D_Doyle"
"SC03","SC",3,470,"South Carolina",NA,"Jeff Duncan","R","True","Jeff","Duncan","SC03_R_Duncan"
"SC04","SC",4,472,"South Carolina",NA,"Deb Morrow","D","False","Deb","Morrow","SC04_D_Morrow"
"SC04","SC",4,472,"South Carolina",NA,"Trey Gowdy","R","True","Trey","Gowdy","SC04_R_Gowdy"
"SC05","SC",5,473,"South Carolina",NA,"Joyce Knott","D","False","Joyce","Knott","SC05_D_Knott"
"SC05","SC",5,473,"South Carolina",NA,"Mick Mulvaney","R","True","Mick","Mulvaney","SC05_R_Mulvaney"
"SC06","SC",6,474,"South Carolina",NA,"Jim Clyburn","D","True","James","Clyburn","SC06_D_Clyburn"
"SC07","SC",7,605,"South Carolina",NA,"Gloria Bromell Tinubu","D","False","Gloria","Bromell Tinubu","SC07_D_Bromell Tinubu"
"SC07","SC",7,605,"South Carolina",NA,"Tom Rice","R","False","Tom","Rice","SC07_R_Rice"
"SD01","SD",1,477,"South Dakota",NA,"Matt Varilek","D","False","Matt","Varilek","SD01_D_Varilek"
"SD01","SD",1,477,"South Dakota",NA,"Kristi Noem","R","True","Kristi","Noem","SD01_R_Noem"
"TX01","TX",1,493,"Texas",NA,"Shirley McKellar","D","False","Shirley","McKellar","TX01_D_McKellar"
"TX01","TX",1,493,"Texas",NA,"Louie Gohmert","R","True","Louie","Gohmert","TX01_R_Gohmert"
"TX02","TX",2,494,"Texas",NA,"Jim Dougherty","D","False","Jim","Dougherty","TX02_D_Dougherty"
"TX02","TX",2,494,"Texas",NA,"Ted Poe","R","True","Ted","Poe","TX02_R_Poe"
"TX03","TX",3,495,"Texas",NA,"Sam Johnson","R","True","Sam","Johnson","TX03_R_Johnson"
"TX04","TX",4,496,"Texas",NA,"VaLinda Hathcox","D","False","Valinda","Hathcox","TX04_D_Hathcox"
"TX04","TX",4,496,"Texas",NA,"Ralph Hall","R","True","Ralph","Hall","TX04_R_Hall"
"TX05","TX",5,497,"Texas",NA,"Linda Mrosko","D","False","Linda","Mrosko","TX05_D_Mrosko"
"TX05","TX",5,497,"Texas",NA,"Jeb Hensarling","R","True","Jeb","Hensarling","TX05_R_Hensarling"
"TX06","TX",6,498,"Texas",NA,"Kenneth Sanders","D","False","Kenneth","Sanders","TX06_D_Sanders"
"TX06","TX",6,498,"Texas",NA,"Joe Barton","R","True","Joe","Barton","TX06_R_Barton"
"TX07","TX",7,499,"Texas",NA,"James Cargas","D","False","James","Cargas","TX07_D_Cargas"
"TX07","TX",7,499,"Texas",NA,"John Culberson","R","True","John","Culberson","TX07_R_Culberson"
"TX08","TX",8,500,"Texas",NA,"Neil Burns","D","False","Neil","Burns","TX08_D_Burns"
"TX08","TX",8,500,"Texas",NA,"Kevin Brady","R","True","Kevin","Brady","TX08_R_Brady"
"TX09","TX",9,501,"Texas",NA,"Al Green","D","True","Al","Green","TX09_D_Green"
"TX09","TX",9,501,"Texas",NA,"Steve Mueller","R","False","Steve","Mueller","TX09_R_Mueller"
"TX10","TX",10,502,"Texas",NA,"Tawana Cadien","D","False","Tawana","Cadien","TX10_D_Cadien"
"TX10","TX",10,502,"Texas",NA,"Michael McCaul","R","True","Michael","McCaul","TX10_R_McCaul"
"TX11","TX",11,503,"Texas",NA,"Jim Riley","D","False","Jim","Riley","TX11_D_Riley"
"TX11","TX",11,503,"Texas",NA,"Mike Conaway","R","True","Mike","Conaway","TX11_R_Conaway"
"TX12","TX",12,504,"Texas",NA,"Dave Robinson","D","False","Dave","Robinson","TX12_D_Robinson"
"TX12","TX",12,504,"Texas",NA,"Kay Granger","R","True","Kay","Granger","TX12_R_Granger"
"TX13","TX",13,505,"Texas",NA,"Mac Thornberry","R","True","Mac","Thornberry","TX13_R_Thornberry"
"TX14","TX",14,506,"Texas",NA,"Nick Lampson","D","False","Nick","Lampson","TX14_D_Lampson"
"TX14","TX",14,506,"Texas",NA,"Randy Weber","R","False","Randy","Weber","TX14_R_Weber"
"TX15","TX",15,507,"Texas",NA,"Ruben Hinojosa","D","True","Ruben","Hinojosa","TX15_D_Hinojosa"
"TX15","TX",15,507,"Texas",NA,"Dale Brueggemann","R","False","Dale","Brueggemann","TX15_R_Brueggemann"
"TX16","TX",16,508,"Texas",NA,"Beto O'Rourke","D","False","Beto","O'Rourke","TX16_D_O'Rourke"
"TX16","TX",16,508,"Texas",NA,"Barbara Carrasco","R","False","Barbara","Carrasco","TX16_R_Carrasco"
"TX17","TX",17,509,"Texas",NA,"Bill Flores","R","True","Bill","Flores","TX17_R_Flores"
"TX18","TX",18,510,"Texas",NA,"Sheila Jackson Lee","D","True","Sheila","Jackson Lee","TX18_D_Jackson Lee"
"TX18","TX",18,510,"Texas",NA,"Sean Seibert","R","False","Sean","Seibert","TX18_R_Seibert"
"TX19","TX",19,511,"Texas",NA,"Randy Neugebauer","R","True","Randy","Neugebauer","TX19_R_Neugebauer"
"TX20","TX",20,512,"Texas",NA,"Joaquin Castro","D","False","Joaquin","Castro","TX20_D_Castro"
"TX20","TX",20,512,"Texas",NA,"David Rosa","R","False","Sheila","Lee","TX18_D_Lee"
"TX21","TX",21,513,"Texas",NA,"Candace Duval","D","False","Candace","Duval","TX21_D_Duval"
"TX21","TX",21,513,"Texas",NA,"Lamar Smith","R","True","Lamar","Smith","TX21_R_Smith"
"TX22","TX",22,514,"Texas",NA,"Kesha Rogers","D","False","Kesha","Rogers","TX22_D_Rogers"
"TX22","TX",22,514,"Texas",NA,"Pete Olson","R","True","Pete","Olson","TX22_R_Olson"
"TX23","TX",23,515,"Texas",NA,"Pete Gallego","D","False","Pete","Gallego","TX23_D_Gallego"
"TX23","TX",23,515,"Texas",NA,"Quico Canseco","R","True","Francisco","Canseco","TX23_R_Canseco"
"TX24","TX",24,516,"Texas",NA,"Tim Rusk","D","False","Tim","Rusk","TX24_D_Rusk"
"TX24","TX",24,516,"Texas",NA,"Kenny Marchant","R","True","Kenny","Marchant","TX24_R_Marchant"
"TX25","TX",25,517,"Texas",NA,"Elaine Henderson","D","False","Elaine","Henderson","TX25_D_Henderson"
"TX25","TX",25,517,"Texas",NA,"Roger Williams","R","False","Roger","Williams","TX25_R_Williams"
"TX26","TX",26,518,"Texas",NA,"David Sanchez","D","False","David","Sanchez","TX26_D_Sanchez"
"TX26","TX",26,518,"Texas",NA,"Michael Burgess","R","True","Michael","Burgess","TX26_R_Burgess"
"TX27","TX",27,519,"Texas",NA,"Rose Harrison","D","False","Rose","Harrison","TX27_D_Harrison"
"TX27","TX",27,519,"Texas",NA,"Blake Farenthold","R","True","Blake","Farenthold","TX27_R_Farenthold"
"TX28","TX",28,523,"Texas",NA,"Henry Cuellar","D","True","Henry","Cuellar","TX28_D_Cuellar"
"TX28","TX",28,523,"Texas",NA,"William Hayward","R","False","William","Hayward","TX28_R_Hayward"
"TX29","TX",29,520,"Texas",NA,"Gene Green","D","True","Gene","Green","TX29_D_Green"
"TX30","TX",30,521,"Texas",NA,"Eddie Bernice Johnson","D","True","Eddie","Bernice Johnson","TX30_D_Bernice Johnson"
"TX30","TX",30,521,"Texas",NA,"Travis Washington","R","False","Travis","Washington","TX30_R_Washington"
"TX31","TX",31,524,"Texas",NA,"Stephen Wyman","D","False","Stephen","Wyman","TX31_D_Wyman"
"TX31","TX",31,524,"Texas",NA,"John Carter","R","True","John","Carter","TX31_R_Carter"
"TX32","TX",32,525,"Texas",NA,"Katherine McGovern","D","False","Eddie","Johnson","TX30_D_Johnson"
"TX32","TX",32,525,"Texas",NA,"Pete Sessions","R","True","Pete","Sessions","TX32_R_Sessions"
"TX33","TX",33,606,"Texas",NA,"Marc Veasey","D","False","Marc","Veasey","TX33_D_Veasey"
"TX33","TX",33,606,"Texas",NA,"Chuck Bradley","R","False","Chuck","Bradley","TX33_R_Bradley"
"TX34","TX",34,607,"Texas",NA,"Filemon Vela","D","False","Filemon","Vela","TX34_D_Vela"
"TX34","TX",34,607,"Texas",NA,"Jessica Bradshaw","R","False","Jessica","Bradshaw","TX34_R_Bradshaw"
"TX35","TX",35,608,"Texas",NA,"Lloyd Doggett","D","True","Lloyd","Doggett","TX35_D_Doggett"
"TX35","TX",35,608,"Texas",NA,"Susan Narvaiz","R","False","Susan","Narvaiz","TX35_R_Narvaiz"
"TX36","TX",36,609,"Texas",NA,"Max Martin","D","False","Max","Martin","TX36_D_Martin"
"TX36","TX",36,609,"Texas",NA,"Steve Stockman","R","False","Steve","Stockman","TX36_R_Stockman"
"UT01","UT",1,528,"Utah",NA,"Donna McAleer","D","False","Donna","McAleer","UT01_D_McAleer"
"UT01","UT",1,528,"Utah",NA,"Rob Bishop","R","True","Rob","Bishop","UT01_R_Bishop"
"UT02","UT",2,529,"Utah",NA,"Jay Seegmiller","D","False","Jay","Seegmiller","UT02_D_Seegmiller"
"UT02","UT",2,529,"Utah",NA,"Chris Stewart","R","False","Chris","Stewart","UT02_R_Stewart"
"UT03","UT",3,530,"Utah",NA,"Soren Simonsen","D","False","Soren","Simonsen","UT03_D_Simonsen"
"UT03","UT",3,530,"Utah",NA,"Jason Chaffetz","R","True","Jason","Chaffetz","UT03_R_Chaffetz"
"UT04","UT",4,610,"Utah",NA,"Jim Matheson","D","True","Jim","Matheson","UT04_D_Matheson"
"UT04","UT",4,610,"Utah",NA,"Mia Love","R","False","Mia","Love","UT04_R_Love"
"VA01","VA",1,534,"Virginia",NA,"Adam Cook","D","False","Adam","Cook","VA01_D_Cook"
"VA01","VA",1,534,"Virginia",NA,"Rob Wittman","R","True","Rob","Wittman","VA01_R_Wittman"
"VA02","VA",2,535,"Virginia",NA,"Paul Hirschbiel","D","False","Paul","Hirschbiel","VA02_D_Hirschbiel"
"VA02","VA",2,535,"Virginia",NA,"Scott Rigell","R","True","Scott","Rigell","VA02_R_Rigell"
"VA03","VA",3,536,"Virginia",NA,"Bobby Scott","D","True","Bobby","Scott","VA03_D_Scott"
"VA03","VA",3,536,"Virginia",NA,"Dean Longo","R","False","Dean","Longo","VA03_R_Longo"
"VA04","VA",4,537,"Virginia",NA,"Ella Ward","D","False","Ella","Ward","VA04_D_Ward"
"VA04","VA",4,537,"Virginia",NA,"Randy Forbes","R","True","Randy","Forbes","VA04_R_Forbes"
"VA05","VA",5,538,"Virginia",NA,"John Douglass","D","False","John","Douglass","VA05_D_Douglass"
"VA05","VA",5,538,"Virginia",NA,"Robert Hurt","R","True","Robert","Hurt","VA05_R_Hurt"
"VA06","VA",6,539,"Virginia",NA,"Andy Schmookler","D","False","Andy","Schmookler","VA06_D_Schmookler"
"VA06","VA",6,539,"Virginia",NA,"Robert Goodlatte","R","True","Bob","Goodlatte","VA06_R_Goodlatte"
"VA07","VA",7,540,"Virginia",NA,"Wayne Powell","D","False","Wayne","Powell","VA07_D_Powell"
"VA07","VA",7,540,"Virginia",NA,"Eric Cantor","R","True","Eric","Cantor","VA07_R_Cantor"
"VA08","VA",8,541,"Virginia",NA,"James Moran","D","True","Jim","Moran","VA08_D_Moran"
"VA08","VA",8,541,"Virginia",NA,"Patrick Murray","R","False","Patrick","Murray","VA08_R_Murray"
"VA09","VA",9,542,"Virginia",NA,"Anthony Flaccavento","D","False","Anthony","Flaccavento","VA09_D_Flaccavento"
"VA09","VA",9,542,"Virginia",NA,"Morgan Griffith","R","True","Morgan","Griffith","VA09_R_Griffith"
"VA10","VA",10,543,"Virginia",NA,"Kristin Cabral","D","False","Kristin","Cabral","VA10_D_Cabral"
"VA10","VA",10,543,"Virginia",NA,"Frank Wolf","R","True","Frank","Wolf","VA10_R_Wolf"
"WV01","WV",1,575,"West Virginia",NA,"Sue Thorn","D","False","Susan","Thorn","WV01_D_Thorn"
"WV01","WV",1,575,"West Virginia",NA,"David McKinley","R","True","David","McKinley","WV01_R_McKinley"
"WV02","WV",2,576,"West Virginia",NA,"Howard Swint","D","False","Howard","Swint","WV02_D_Swint"
"WV02","WV",2,576,"West Virginia",NA,"Shelley Capito","R","True","Shelley","Capito","WV02_R_Capito"
"WV03","WV",3,577,"West Virginia",NA,"Nick Rahall","D","True","Nick","Rahall","WV03_D_Rahall"
"WV03","WV",3,577,"West Virginia",NA,"Rick Snuffer","R","False","Rick","Snuffer","WV03_R_Snuffer"
