state_dist,state_id,district,office_id,state,primary_date,name,party,incumbent,first_name,last_name,unique_cand_id
AK01,AK,1,2,Alaska,,none,none,none,none,none,none
AL01,AL,1,5,Alabama,,Jo Bonner,R,True,Jo,Bonner,AL01_R_Bonner
AL02,AL,2,8,Alabama,,Terese Ford,D,False,Terese,Ford,AL02_D_Ford
AL02,AL,2,8,Alabama,,Martha Roby,R,True,Martha,Roby,AL02_R_Roby
AL03,AL,3,9,Alabama,,John Harris,D,False,John,Harris,AL03_D_Harris
AL03,AL,3,9,Alabama,,Mike Rogers,R,True,Mike,Rogers,AL03_R_Rogers
AL04,AL,4,6,Alabama,,Daniel Boman,D,False,Daniel,Boman,AL04_D_Boman
AL04,AL,4,6,Alabama,,Robert Aderholt,R,True,Robert,Aderholt,AL04_R_Aderholt
AL05,AL,5,10,Alabama,,Charlie Holley,D,False,Charlie,Holley,AL05_D_Holley
AL05,AL,5,10,Alabama,,Mo Brooks,R,True,Mo,Brooks,AL05_R_Brooks
AL06,AL,6,11,Alabama,,Penny Bailey,D,False,Penny,Bailey,AL06_D_Bailey
AL06,AL,6,11,Alabama,,Spencer Bachus,R,True,Spencer,Bachus,AL06_R_Bachus
AL07,AL,7,12,Alabama,,Terri Sewell,D,True,Terri,Sewell,AL07_D_Sewell
AL07,AL,7,12,Alabama,,Don Chamberlain,R,False,Don,Chamberlain,AL07_R_Chamberlain
AR01,AR,1,15,Arkansas,,Scott Ellington,D,False,Scott,Ellington,AR01_D_Ellington
AR01,AR,1,15,Arkansas,,Rick Crawford,R,True,Rick,Crawford,AR01_R_Crawford
AR02,AR,2,16,Arkansas,,Herb Rule,D,False,Herb,Rule,AR02_D_Rule
AR02,AR,2,16,Arkansas,,Tim Griffin,R,True,Tim,Griffin,AR02_R_Griffin
AR03,AR,3,19,Arkansas,,Ken Aden,D,False,Ken,Aden,AR03_D_Aden
AR03,AR,3,19,Arkansas,,Steve Womack,R,True,Steve,Womack,AR03_R_Womack
AR04,AR,4,17,Arkansas,,Gene Jeffress,D,False,Gene,Jeffress,AR04_D_Jeffress
AR04,AR,4,17,Arkansas,,Tom Cotton,R,False,Tom,Cotton,AR04_R_Cotton
AZ01,AZ,1,22,Arizona,,none,none,none,none,none,none
AZ02,AZ,2,23,Arizona,,none,none,none,none,none,none
AZ03,AZ,3,24,Arizona,,none,none,none,none,none,none
AZ04,AZ,4,25,Arizona,,none,none,none,none,none,none
AZ05,AZ,5,26,Arizona,,none,none,none,none,none,none
AZ06,AZ,6,28,Arizona,,none,none,none,none,none,none
AZ07,AZ,7,29,Arizona,,none,none,none,none,none,none
AZ08,AZ,8,30,Arizona,,none,none,none,none,none,none
AZ09,AZ,9,600,Arizona,,none,none,none,none,none,none
CA01,CA,1,83,California,,Jim Reed,D,False,Jim,Reed,CA01_D_Reed
CA01,CA,1,83,California,,Doug LaMalfa,R,False,Doug,LaMalfa,CA01_R_LaMalfa
CA02,CA,2,33,California,,Jared Huffman,D,False,Jared,Huffman,CA02_D_Huffman
CA02,CA,2,33,California,,Dan Roberts,R,False,Dan,Roberts,CA02_R_Roberts
CA03,CA,3,34,California,,Kim Vann,R,False,Kim,Vann,CA03_R_Vann
CA03,CA,3,34,California,,John Garamendi,D,True,John,Garamendi,CA03_D_Garamendi
CA04,CA,4,35,California,,Tom McClintock,R,True,Tom,McClintock,CA04_R_McClintock
CA04,CA,4,35,California,,Jack Uppal,D,False,Jack,Uppal,CA04_D_Uppal
CA05,CA,5,36,California,,Mike Thompson,D,True,Mike,Thompson,CA05_D_Thompson
CA05,CA,5,36,California,,Randy Loftin,R,False,Randy,Loftin,CA05_R_Loftin
CA06,CA,6,37,California,,Doris Matsui,D,True,Doris,Matsui,CA06_D_Matsui
CA06,CA,6,37,California,,Joseph McCray Sr.,R,False,Joseph,McCray Sr.,CA06_R_McCray Sr.
CA07,CA,7,38,California,,Ami Bera,D,False,Ami,Bera,CA07_D_Bera
CA07,CA,7,38,California,,Dan Lungren,R,True,Dan,Lungren,CA07_R_Lungren
CA08,CA,8,39,California,,Gregg Imus,R,False,Gregg,Imus,CA08_R_Imus
CA08,CA,8,39,California,,Paul Cook,R,False,Paul,Cook,CA08_R_Cook
CA09,CA,9,40,California,,Jerry McNerney,D,True,Jerry,McNerney,CA09_D_McNerney
CA09,CA,9,40,California,,Ricky Gill,R,False,Ricky,Gill,CA09_R_Gill
CA10,CA,10,86,California,,Jeff Denham,R,True,Jeff,Denham,CA10_R_Denham
CA10,CA,10,86,California,,Jose Hernandez,D,False,Jose,Hernandez,CA10_D_Hernandez
CA11,CA,11,41,California,,George Miller,D,True,George,Miller,CA11_D_Miller
CA11,CA,11,41,California,,Virginia Fuller,R,False,Virginia,Fuller,CA11_R_Fuller
CA12,CA,12,42,California,,Nancy Pelosi,D,True,Nancy,Pelosi,CA12_D_Pelosi
CA12,CA,12,42,California,,John Dennis,R,False,John,Dennis,CA12_R_Dennis
CA13,CA,13,43,California,,Barbara Lee,D,True,Barbara,Lee,CA13_D_Lee
CA13,CA,13,43,California,,Marilyn Singleton,I,False,Marilyn,Singleton,CA13_I_Singleton
CA14,CA,14,44,California,,Jackie Speier,D,True,Jackie,Speier,CA14_D_Speier
CA14,CA,14,44,California,,Debbie Bacigalupi,R,False,Debbie,Bacigalupi,CA14_R_Bacigalupi
CA15,CA,15,45,California,,Pete Stark,D,True,Pete,Stark,CA15_D_Stark
CA15,CA,15,45,California,,Eric Swalwell,D,False,Eric,Swalwell,CA15_D_Swalwell
CA16,CA,16,46,California,,Jim Costa,D,True,Jim,Costa,CA16_D_Costa
CA16,CA,16,46,California,,Brian Whelan,R,False,Brian,Whelan,CA16_R_Whelan
CA17,CA,17,47,California,,Mike Honda,D,True,Mike,Honda,CA17_D_Honda
CA17,CA,17,47,California,,Evelyn Li,R,False,Evelyn,Li,CA17_R_Li
CA18,CA,18,48,California,,Anna Eshoo,D,True,Anna,Eshoo,CA18_D_Eshoo
CA18,CA,18,48,California,,Dave Chapman,R,False,Dave,Chapman,CA18_R_Chapman
CA19,CA,19,49,California,,Zoe Lofgren,D,True,Zoe,Lofgren,CA19_D_Lofgren
CA19,CA,19,49,California,,Robert Murray,R,False,Robert,Murray,CA19_R_Murray
CA20,CA,20,50,California,,Sam Farr,D,True,Sam,Farr,CA20_D_Farr
CA20,CA,20,50,California,,Jeff Taylor,R,False,Jeff,Taylor,CA20_R_Taylor
CA21,CA,21,51,California,,David Valadao,R,False,David,Valadao,CA21_R_Valadao
CA21,CA,21,51,California,,John Hernandez,D,False,John,Hernandez,CA21_D_Hernandez
CA22,CA,22,52,California,,Devin Nunes,R,True,Devin,Nunes,CA22_R_Nunes
CA22,CA,22,52,California,,Otto Lee,D,False,Otto,Lee,CA22_D_Lee
CA23,CA,23,53,California,,Kevin McCarthy,R,True,Kevin,McCarthy,CA23_R_McCarthy
CA23,CA,23,53,California,,Terry Phillips,I,False,Terry,Phillips,CA23_I_Phillips
CA24,CA,24,54,California,,Lois Capps,D,True,Lois,Capps,CA24_D_Capps
CA24,CA,24,54,California,,Abel Maldonado,R,False,Abel,Maldonado,CA24_R_Maldonado
CA25,CA,25,55,California,,Buck McKeon,R,True,Buck,McKeon,CA25_R_McKeon
CA25,CA,25,55,California,,Lee Rogers,D,False,Lee,Rogers,CA25_D_Rogers
CA26,CA,26,56,California,,Julia Brownley,D,False,Julia,Brownley,CA26_D_Brownley
CA26,CA,26,56,California,,Tony Strickland,R,False,Tony,Strickland,CA26_R_Strickland
CA27,CA,27,57,California,,Judy Chu,D,True,Judy,Chu,CA27_D_Chu
CA27,CA,27,57,California,,Jack Orswell,R,False,Jack,Orswell,CA27_R_Orswell
CA28,CA,28,58,California,,Adam Schiff,D,True,Adam,Schiff,CA28_D_Schiff
CA28,CA,28,58,California,,Phil Jennerjahn,R,False,Phil,Jennerjahn,CA28_R_Jennerjahn
CA29,CA,29,59,California,,Tony Cardenas,D,False,Tony,Cardenas,CA29_D_Cardenas
CA29,CA,29,59,California,,David Hernandez,I,False,David,Hernandez,CA29_I_Hernandez
CA30,CA,30,60,California,,Howard Berman,D,True,Howard,Berman,CA30_D_Berman
CA30,CA,30,60,California,,Brad Sherman,D,True,Brad,Sherman,CA30_D_Sherman
CA31,CA,31,61,California,,Gary Miller,R,True,Gary,Miller,CA31_R_Miller
CA31,CA,31,61,California,,Bob Dutton,R,False,Bob,Dutton,CA31_R_Dutton
CA32,CA,32,62,California,,Grace Napolitano,D,True,Grace,Napolitano,CA32_D_Napolitano
CA32,CA,32,62,California,,David Miller,R,False,David,Miller,CA32_R_Miller
CA33,CA,33,63,California,,Henry Waxman,D,True,Henry,Waxman,CA33_D_Waxman
CA33,CA,33,63,California,,Bill Bloomfield,I,False,Bill,Bloomfield,CA33_I_Bloomfield
CA34,CA,34,64,California,,Xavier Becerra,D,True,Xavier,Becerra,CA34_D_Becerra
CA34,CA,34,64,California,,Stephen Smith,R,False,Stephen,Smith,CA34_R_Smith
CA35,CA,35,65,California,,Joe Baca,D,True,Joe,Baca,CA35_D_Baca
CA35,CA,35,65,California,,Gloria McLeod,D,False,Gloria,McLeod,CA35_D_McLeod
CA36,CA,36,66,California,,Mary Bono Mack,R,True,Mary,Bono Mack,CA36_R_Bono Mack
CA36,CA,36,66,California,,Raul Ruiz,D,False,Raul,Ruiz,CA36_D_Ruiz
CA37,CA,37,67,California,,Karen Bass,D,True,Karen,Bass,CA37_D_Bass
CA38,CA,38,68,California,,Linda Sanchez,D,True,Linda,Sanchez,CA38_D_Sanchez
CA38,CA,38,68,California,,Benjamin Campos,R,False,Benjamin,Campos,CA38_R_Campos
CA39,CA,39,69,California,,Jay Chen,D,False,Jay,Chen,CA39_D_Chen
CA39,CA,39,69,California,,Ed Royce,R,True,Ed,Royce,CA39_R_Royce
CA40,CA,40,70,California,,Lucille Roybal-Allard,D,True,Lucille,Roybal-Allard,CA40_D_Roybal-Allard
CA40,CA,40,70,California,,David Sanchez,D,False,David,Sanchez,CA40_D_Sanchez
CA41,CA,41,71,California,,Mark Takano,D,False,Mark,Takano,CA41_D_Takano
CA41,CA,41,71,California,,John Tavaglione,R,False,John,Tavaglione,CA41_R_Tavaglione
CA42,CA,42,72,California,,Michael Williamson,D,False,Michael,Williamson,CA42_D_Williamson
CA42,CA,42,72,California,,Ken Calvert,R,True,Ken,Calvert,CA42_R_Calvert
CA43,CA,43,73,California,,Maxine Waters,D,True,Maxine,Waters,CA43_D_Waters
CA43,CA,43,73,California,,Bob Flores,D,False,Bob,Flores,CA43_D_Flores
CA44,CA,44,74,California,,Janice Hahn,D,True,Janice,Hahn,CA44_D_Hahn
CA44,CA,44,74,California,,Laura Richardson,D,True,Laura,Richardson,CA44_D_Richardson
CA45,CA,45,75,California,,John Campbell,R,True,John,Campbell,CA45_R_Campbell
CA45,CA,45,75,California,,Sukhee Kang,D,False,Sukhee,Kang,CA45_D_Kang
CA46,CA,46,76,California,,Loretta Sanchez,D,True,Loretta,Sanchez,CA46_D_Sanchez
CA46,CA,46,76,California,,Jerry Hayden,R,False,Jerry,Hayden,CA46_R_Hayden
CA47,CA,47,77,California,,Alan Lowenthal,D,False,Alan,Lowenthal,CA47_D_Lowenthal
CA47,CA,47,77,California,,Gary Delong,R,False,Gary,Delong,CA47_R_Delong
CA48,CA,48,85,California,,Dana Rohrabacher,R,True,Dana,Rohrabacher,CA48_R_Rohrabacher
CA48,CA,48,85,California,,Ron Varasteh,D,False,Ron,Varasteh,CA48_D_Varasteh
CA49,CA,49,78,California,,Darrell Issa,R,True,Darrell,Issa,CA49_R_Issa
CA49,CA,49,78,California,,Jerry Tetalman,D,False,Jerry,Tetalman,CA49_D_Tetalman
CA50,CA,50,79,California,,Duncan D. Hunter,R,True,Duncan,D. Hunter,CA50_R_D. Hunter
CA50,CA,50,79,California,,David Secor,D,False,David,Secor,CA50_D_Secor
CA51,CA,51,80,California,,Juan Vargas,D,False,Juan,Vargas,CA51_D_Vargas
CA51,CA,51,80,California,,Michael Crimmins,R,False,Michael,Crimmins,CA51_R_Crimmins
CA52,CA,52,84,California,,Brian Bilbray,R,True,Brian,Bilbray,CA52_R_Bilbray
CA52,CA,52,84,California,,Scott Peters,D,False,Scott,Peters,CA52_D_Peters
CA53,CA,53,81,California,,Susan Davis,D,True,Susan,Davis,CA53_D_Davis
CA53,CA,53,81,California,,Nick Popaditch,R,False,Nick,Popaditch,CA53_R_Popaditch
CO01,CO,1,96,Colorado,,Diana DeGette,D,True,Diana,DeGette,CO01_D_DeGette
CO01,CO,1,96,Colorado,,Danny Stroud,R,False,Danny,Stroud,CO01_R_Stroud
CO02,CO,2,89,Colorado,,Jared Polis,D,True,Jared,Polis,CO02_D_Polis
CO02,CO,2,89,Colorado,,Kevin Lundberg,R,False,Kevin,Lundberg,CO02_R_Lundberg
CO03,CO,3,90,Colorado,,Sal Pace,D,False,Sal,Pace,CO03_D_Pace
CO03,CO,3,90,Colorado,,Scott Tipton,R,True,Scott,Tipton,CO03_R_Tipton
CO04,CO,4,91,Colorado,,Brandon Shaffer,D,False,Brandon,Shaffer,CO04_D_Shaffer
CO04,CO,4,91,Colorado,,Cory Gardner,R,True,Cory,Gardner,CO04_R_Gardner
CO05,CO,5,92,Colorado,,Doug Lamborn,R,True,Doug,Lamborn,CO05_R_Lamborn
CO06,CO,6,93,Colorado,,Joe Miklosi,D,False,Joe,Miklosi,CO06_D_Miklosi
CO06,CO,6,93,Colorado,,Mike Coffman,R,True,Mike,Coffman,CO06_R_Coffman
CO07,CO,7,95,Colorado,,Ed Perlmutter,D,True,Ed,Perlmutter,CO07_D_Perlmutter
CO07,CO,7,95,Colorado,,Joe Coors,R,False,Joe,Coors,CO07_R_Coors
CT01,CT,1,99,Connecticut,,none,none,none,none,none,none
CT02,CT,2,100,Connecticut,,none,none,none,none,none,none
CT03,CT,3,101,Connecticut,,none,none,none,none,none,none
CT04,CT,4,102,Connecticut,,none,none,none,none,none,none
CT05,CT,5,103,Connecticut,,none,none,none,none,none,none
DE01,DE,1,107,Delaware,2012-09-11,none,none,none,none,none,none
FL01,FL,1,133,Florida,,none,none,none,none,none,none
FL02,FL,2,111,Florida,,none,none,none,none,none,none
FL03,FL,3,112,Florida,,none,none,none,none,none,none
FL04,FL,4,113,Florida,,none,none,none,none,none,none
FL05,FL,5,114,Florida,,none,none,none,none,none,none
FL06,FL,6,115,Florida,,none,none,none,none,none,none
FL07,FL,7,116,Florida,,none,none,none,none,none,none
FL08,FL,8,117,Florida,,none,none,none,none,none,none
FL09,FL,9,118,Florida,,none,none,none,none,none,none
FL10,FL,10,119,Florida,,none,none,none,none,none,none
FL11,FL,11,120,Florida,,none,none,none,none,none,none
FL12,FL,12,121,Florida,,none,none,none,none,none,none
FL13,FL,13,122,Florida,,none,none,none,none,none,none
FL14,FL,14,123,Florida,,none,none,none,none,none,none
FL15,FL,15,124,Florida,,none,none,none,none,none,none
FL16,FL,16,125,Florida,,none,none,none,none,none,none
FL17,FL,17,126,Florida,,none,none,none,none,none,none
FL18,FL,18,127,Florida,,none,none,none,none,none,none
FL19,FL,19,136,Florida,,none,none,none,none,none,none
FL20,FL,20,132,Florida,,none,none,none,none,none,none
FL21,FL,21,129,Florida,,none,none,none,none,none,none
FL22,FL,22,130,Florida,,none,none,none,none,none,none
FL23,FL,23,131,Florida,,none,none,none,none,none,none
FL24,FL,24,134,Florida,,none,none,none,none,none,none
FL25,FL,25,135,Florida,,none,none,none,none,none,none
FL26,FL,26,601,Florida,,none,none,none,none,none,none
FL27,FL,27,602,Florida,,none,none,none,none,none,none
GA01,GA,1,139,Georgia,,none,none,none,none,none,none
GA02,GA,2,140,Georgia,,none,none,none,none,none,none
GA03,GA,3,141,Georgia,,none,none,none,none,none,none
GA04,GA,4,142,Georgia,,none,none,none,none,none,none
GA05,GA,5,143,Georgia,,none,none,none,none,none,none
GA06,GA,6,144,Georgia,,none,none,none,none,none,none
GA07,GA,7,145,Georgia,,none,none,none,none,none,none
GA08,GA,8,146,Georgia,,none,none,none,none,none,none
GA09,GA,9,147,Georgia,,none,none,none,none,none,none
GA10,GA,10,148,Georgia,,none,none,none,none,none,none
GA11,GA,11,149,Georgia,,none,none,none,none,none,none
GA12,GA,12,151,Georgia,,none,none,none,none,none,none
GA13,GA,13,152,Georgia,,none,none,none,none,none,none
GA14,GA,14,603,Georgia,,none,none,none,none,none,none
HI01,HI,1,157,Hawaii,,none,none,none,none,none,none
HI02,HI,2,155,Hawaii,,none,none,none,none,none,none
IA01,IA,1,160,Iowa,,Ben Lange,R,False,Ben,Lange,IA01_R_Lange
IA01,IA,1,160,Iowa,,Bruce Braley,D,True,Bruce,Braley,IA01_D_Braley
IA02,IA,2,161,Iowa,,John Archer,R,False,John,Archer,IA02_R_Archer
IA02,IA,2,161,Iowa,,Dave Loebsack,D,True,Dave,Loebsack,IA02_D_Loebsack
IA03,IA,3,162,Iowa,,Tom Latham,R,True,Tom,Latham,IA03_R_Latham
IA03,IA,3,162,Iowa,,Leonard Boswell,D,True,Leonard,Boswell,IA03_D_Boswell
IA04,IA,4,163,Iowa,,Steve King,R,True,Steve,King,IA04_R_King
IA04,IA,4,163,Iowa,,Christie Vilsack,D,False,Christie,Vilsack,IA04_D_Vilsack
ID01,ID,1,168,Idaho,,Jimmy Farris,D,False,Jimmy,Farris,ID01_D_Farris
ID01,ID,1,168,Idaho,,Raul Labrador,R,True,Raul,Labrador,ID01_R_Labrador
ID02,ID,2,169,Idaho,,Nicole LeFavour,D,False,Nicole,LeFavour,ID02_D_LeFavour
ID02,ID,2,169,Idaho,,Mike Simpson,R,True,Mike,Simpson,ID02_R_Simpson
IL01,IL,1,174,Illinois,,Bobby Rush,D,True,Bobby,Rush,IL01_D_Rush
IL01,IL,1,174,Illinois,,Donald Peloquin,R,False,Donald,Peloquin,IL01_R_Peloquin
IL02,IL,2,175,Illinois,,Brian Woodworth,R,False,Brian,Woodworth,IL02_R_Woodworth
IL02,IL,2,175,Illinois,,Jesse Jackson Jr.,D,True,Jesse,Jackson Jr.,IL02_D_Jackson Jr.
IL03,IL,3,176,Illinois,,Dan Lipinski,D,True,Dan,Lipinski,IL03_D_Lipinski
IL03,IL,3,176,Illinois,,Richard Grabowski,R,False,Richard,Grabowski,IL03_R_Grabowski
IL04,IL,4,177,Illinois,,Luis Gutierrez,D,True,Luis,Gutierrez,IL04_D_Gutierrez
IL05,IL,5,178,Illinois,,Mike Quigley,D,True,Mike,Quigley,IL05_D_Quigley
IL05,IL,5,178,Illinois,,Dan Schmitt,R,False,Dan,Schmitt,IL05_R_Schmitt
IL06,IL,6,179,Illinois,,Leslie Coolidge,D,False,Leslie,Coolidge,IL06_D_Coolidge
IL06,IL,6,179,Illinois,,Peter Roskam,R,True,Peter,Roskam,IL06_R_Roskam
IL07,IL,7,180,Illinois,,Danny Davis,D,True,Danny,Davis,IL07_D_Davis
IL08,IL,8,181,Illinois,,Tammy Duckworth,D,False,Tammy,Duckworth,IL08_D_Duckworth
IL08,IL,8,181,Illinois,,Joe Walsh,R,True,Joe,Walsh,IL08_R_Walsh
IL09,IL,9,182,Illinois,,Jan Schakowsky,D,True,Jan,Schakowsky,IL09_D_Schakowsky
IL09,IL,9,182,Illinois,,Timothy Wolfe,R,False,Timothy,Wolfe,IL09_R_Wolfe
IL10,IL,10,183,Illinois,,Robert Dold,R,True,Robert,Dold,IL10_R_Dold
IL10,IL,10,183,Illinois,,Brad Schneider,D,False,Brad,Schneider,IL10_D_Schneider
IL11,IL,11,184,Illinois,,Bill Foster,D,False,Bill,Foster,IL11_D_Foster
IL11,IL,11,184,Illinois,,Judy Biggert,R,True,Judy,Biggert,IL11_R_Biggert
IL12,IL,12,185,Illinois,,Jason Plummer,R,False,Jason,Plummer,IL12_R_Plummer
IL12,IL,12,185,Illinois,,Bill Enyart,D,False,Bill,Enyart,IL12_D_Enyart
IL13,IL,13,186,Illinois,,David Gill,D,False,David,Gill,IL13_D_Gill
IL13,IL,13,186,Illinois,,Rodney Davis,R,False,Rodney,Davis,IL13_R_Davis
IL14,IL,14,187,Illinois,,Dennis Anderson,D,False,Dennis,Anderson,IL14_D_Anderson
IL14,IL,14,187,Illinois,,Randy Hultgren,R,True,Randy,Hultgren,IL14_R_Hultgren
IL15,IL,15,188,Illinois,,Angela Michael,D,False,Angela,Michael,IL15_D_Michael
IL15,IL,15,188,Illinois,,John Shimkus,R,True,John,Shimkus,IL15_R_Shimkus
IL16,IL,16,189,Illinois,,Adam Kinzinger,R,True,Adam,Kinzinger,IL16_R_Kinzinger
IL17,IL,17,190,Illinois,,Cheri Bustos,D,False,Cheri,Bustos,IL17_D_Bustos
IL17,IL,17,190,Illinois,,Bobby Schilling,R,True,Bobby,Schilling,IL17_R_Schilling
IL18,IL,18,191,Illinois,,Steve Waterworth,D,False,Steve,Waterworth,IL18_D_Waterworth
IL18,IL,18,191,Illinois,,Aaron Schock,R,True,Aaron,Schock,IL18_R_Schock
IN01,IN,1,195,Indiana,,Peter Visclosky,D,True,Peter,Visclosky,IN01_D_Visclosky
IN01,IN,1,195,Indiana,,Joel Phelps,R,False,Joel,Phelps,IN01_R_Phelps
IN02,IN,2,196,Indiana,,Brendan Mullen,D,False,Brendan,Mullen,IN02_D_Mullen
IN02,IN,2,196,Indiana,,Jackie Walorski,R,False,Jackie,Walorski,IN02_R_Walorski
IN03,IN,3,197,Indiana,,Kevin Boyd,D,False,Kevin,Boyd,IN03_D_Boyd
IN03,IN,3,197,Indiana,,Marlin Stutzman,R,True,Marlin,Stutzman,IN03_R_Stutzman
IN04,IN,4,198,Indiana,,Tara Nelson,D,False,Tara,Nelson,IN04_D_Nelson
IN04,IN,4,198,Indiana,,Todd Rokita,R,True,Todd,Rokita,IN04_R_Rokita
IN05,IN,5,199,Indiana,,Scott Reske,D,False,Scott,Reske,IN05_D_Reske
IN05,IN,5,199,Indiana,,Susan Brooks,R,False,Susan,Brooks,IN05_R_Brooks
IN06,IN,6,200,Indiana,,Bradley Bookout,D,False,Bradley,Bookout,IN06_D_Bookout
IN06,IN,6,200,Indiana,,Luke Messer,R,False,Luke,Messer,IN06_R_Messer
IN07,IN,7,201,Indiana,,Andre Carson,D,True,Andre,Carson,IN07_D_Carson
IN07,IN,7,201,Indiana,,Carlos May,R,False,Carlos,May,IN07_R_May
IN08,IN,8,202,Indiana,,Dave Crooks,D,False,Dave,Crooks,IN08_D_Crooks
IN08,IN,8,202,Indiana,,Larry Bucshon,R,True,Larry,Bucshon,IN08_R_Bucshon
IN09,IN,9,203,Indiana,,Shelli Yoder,D,False,Shelli,Yoder,IN09_D_Yoder
IN09,IN,9,203,Indiana,,Todd Young,R,True,Todd,Young,IN09_R_Young
KS01,KS,1,207,Kansas,,none,none,none,none,none,none
KS02,KS,2,210,Kansas,,none,none,none,none,none,none
KS03,KS,3,208,Kansas,,none,none,none,none,none,none
KS04,KS,4,209,Kansas,,none,none,none,none,none,none
KY01,KY,1,218,Kentucky,,Ed Whitfield,R,True,Ed,Whitfield,KY01_R_Whitfield
KY01,KY,1,218,Kentucky,,Charles Hatchett,D,False,Charles,Hatchett,KY01_D_Hatchett
KY02,KY,2,219,Kentucky,,Brett Guthrie,R,True,Brett,Guthrie,KY02_R_Guthrie
KY02,KY,2,219,Kentucky,,David Williams,D,False,David,Williams,KY02_D_Williams
KY03,KY,3,214,Kentucky,,Brooks Wicker,R,False,Brooks,Wicker,KY03_R_Wicker
KY03,KY,3,214,Kentucky,,John Yarmuth,D,True,John,Yarmuth,KY03_D_Yarmuth
KY04,KY,4,215,Kentucky,,Thomas Massie,R,False,Thomas,Massie,KY04_R_Massie
KY04,KY,4,215,Kentucky,,William Adkins,D,False,William,Adkins,KY04_D_Adkins
KY05,KY,5,216,Kentucky,,Hal Rogers,R,True,Hal,Rogers,KY05_R_Rogers
KY05,KY,5,216,Kentucky,,Kenneth Stepp,D,False,Kenneth,Stepp,KY05_D_Stepp
KY06,KY,6,217,Kentucky,,Andy Barr,R,False,Andy,Barr,KY06_R_Barr
KY06,KY,6,217,Kentucky,,Ben Chandler,D,True,Ben,Chandler,KY06_D_Chandler
LA01,LA,1,223,Louisiana,,none,none,none,none,none,none
LA02,LA,2,224,Louisiana,,none,none,none,none,none,none
LA03,LA,3,225,Louisiana,,none,none,none,none,none,none
LA04,LA,4,226,Louisiana,,none,none,none,none,none,none
LA05,LA,5,227,Louisiana,,none,none,none,none,none,none
LA06,LA,6,228,Louisiana,,none,none,none,none,none,none
MA01,MA,1,233,Massachusetts,2012-09-06,none,none,none,none,none,none
MA02,MA,2,234,Massachusetts,2012-09-06,none,none,none,none,none,none
MA03,MA,3,235,Massachusetts,2012-09-06,none,none,none,none,none,none
MA04,MA,4,236,Massachusetts,2012-09-06,none,none,none,none,none,none
MA05,MA,5,243,Massachusetts,2012-09-06,none,none,none,none,none,none
MA06,MA,6,237,Massachusetts,2012-09-06,none,none,none,none,none,none
MA07,MA,7,238,Massachusetts,2012-09-06,none,none,none,none,none,none
MA08,MA,8,239,Massachusetts,2012-09-06,none,none,none,none,none,none
MA09,MA,9,242,Massachusetts,2012-09-06,none,none,none,none,none,none
MD01,MD,1,246,Maryland,,Andy Harris,R,True,Andy,Harris,MD01_R_Harris
MD01,MD,1,246,Maryland,,Wendy Rosen,D,False,Wendy,Rosen,MD01_D_Rosen
MD02,MD,2,247,Maryland,,Nancy Jacobs,R,False,Nancy,Jacobs,MD02_R_Jacobs
MD02,MD,2,247,Maryland,,Dutch Ruppersberger,D,True,Dutch,Ruppersberger,MD02_D_Ruppersberger
MD03,MD,3,248,Maryland,,Eric Knowles,R,False,Eric,Knowles,MD03_R_Knowles
MD03,MD,3,248,Maryland,,John Sarbanes,D,True,John,Sarbanes,MD03_D_Sarbanes
MD04,MD,4,249,Maryland,,Faith Loudon,R,False,Faith,Loudon,MD04_R_Loudon
MD04,MD,4,249,Maryland,,Donna Edwards,D,True,Donna,Edwards,MD04_D_Edwards
MD05,MD,5,250,Maryland,,Tony O'Donnell,R,False,Tony,O'Donnell,MD05_R_O'Donnell
MD05,MD,5,250,Maryland,,Steny Hoyer,D,True,Steny,Hoyer,MD05_D_Hoyer
MD06,MD,6,251,Maryland,,Roscoe Bartlett,R,True,Roscoe,Bartlett,MD06_R_Bartlett
MD06,MD,6,251,Maryland,,John Delaney,D,False,John,Delaney,MD06_D_Delaney
MD07,MD,7,252,Maryland,,Frank Mirabile,R,False,Frank,Mirabile,MD07_R_Mirabile
MD07,MD,7,252,Maryland,,Elijah Cummings,D,True,Elijah,Cummings,MD07_D_Cummings
MD08,MD,8,253,Maryland,,Ken Timmerman,R,False,Ken,Timmerman,MD08_R_Timmerman
MD08,MD,8,253,Maryland,,Chris Van Hollen,D,True,Chris,Van Hollen,MD08_D_Van Hollen
ME01,ME,1,257,Maine,,Chellie Pingree,D,True,Chellie,Pingree,ME01_D_Pingree
ME01,ME,1,257,Maine,,Jonathan Courtney,R,False,Jonathan,Courtney,ME01_R_Courtney
ME02,ME,2,258,Maine,,Kevin Raye,R,False,Kevin,Raye,ME02_R_Raye
ME02,ME,2,258,Maine,,Mike Michaud,D,True,Mike,Michaud,ME02_D_Michaud
MI01,MI,1,262,Michigan,,none,none,none,none,none,none
MI02,MI,2,263,Michigan,,none,none,none,none,none,none
MI03,MI,3,264,Michigan,,none,none,none,none,none,none
MI04,MI,4,265,Michigan,,none,none,none,none,none,none
MI05,MI,5,266,Michigan,,none,none,none,none,none,none
MI06,MI,6,267,Michigan,,none,none,none,none,none,none
MI07,MI,7,268,Michigan,,none,none,none,none,none,none
MI08,MI,8,269,Michigan,,none,none,none,none,none,none
MI09,MI,9,270,Michigan,,none,none,none,none,none,none
MI10,MI,10,271,Michigan,,none,none,none,none,none,none
MI11,MI,11,272,Michigan,,none,none,none,none,none,none
MI12,MI,12,273,Michigan,,none,none,none,none,none,none
MI13,MI,13,274,Michigan,,none,none,none,none,none,none
MI14,MI,14,275,Michigan,,none,none,none,none,none,none
MN01,MN,1,280,Minnesota,,none,none,none,none,none,none
MN02,MN,2,281,Minnesota,,none,none,none,none,none,none
MN03,MN,3,282,Minnesota,,none,none,none,none,none,none
MN04,MN,4,283,Minnesota,,none,none,none,none,none,none
MN05,MN,5,284,Minnesota,,none,none,none,none,none,none
MN06,MN,6,285,Minnesota,,none,none,none,none,none,none
MN07,MN,7,286,Minnesota,,none,none,none,none,none,none
MN08,MN,8,287,Minnesota,,none,none,none,none,none,none
MO01,MO,1,299,Missouri,,none,none,none,none,none,none
MO02,MO,2,291,Missouri,,none,none,none,none,none,none
MO03,MO,3,292,Missouri,,none,none,none,none,none,none
MO04,MO,4,293,Missouri,,none,none,none,none,none,none
MO05,MO,5,294,Missouri,,none,none,none,none,none,none
MO06,MO,6,295,Missouri,,none,none,none,none,none,none
MO07,MO,7,296,Missouri,,none,none,none,none,none,none
MO08,MO,8,297,Missouri,,none,none,none,none,none,none
MS01,MS,1,304,Mississippi,,Alan Nunnelee,R,True,Alan,Nunnelee,MS01_R_Nunnelee
MS01,MS,1,304,Mississippi,,Brad Morris,D,False,Brad,Morris,MS01_D_Morris
MS02,MS,2,303,Mississippi,,Bill Marcy,R,False,Bill,Marcy,MS02_R_Marcy
MS02,MS,2,303,Mississippi,,Bennie Thompson,D,True,Bennie,Thompson,MS02_D_Thompson
MS03,MS,3,305,Mississippi,,Gregg Harper,R,True,Gregg,Harper,MS03_R_Harper
MS03,MS,3,305,Mississippi,,Crystal Biggs,D,False,Crystal,Biggs,MS03_D_Biggs
MS04,MS,4,306,Mississippi,,Steven Palazzo,R,True,Steven,Palazzo,MS04_R_Palazzo
MS04,MS,4,306,Mississippi,,Michael Herrington,D,False,Michael,Herrington,MS04_D_Herrington
MT01,MT,1,310,Montana,,Steve Daines,R,False,Steve,Daines,MT01_R_Daines
MT01,MT,1,310,Montana,,Kim Gillan,D,False,Kim,Gillan,MT01_D_Gillan
NC01,NC,1,318,North Carolina,,G.K. Butterfield,D,True,G.K.,Butterfield,NC01_D_Butterfield
NC01,NC,1,318,North Carolina,,Pete DiLauro,R,False,Pete,DiLauro,NC01_R_DiLauro
NC02,NC,2,319,North Carolina,,Steve Wilkins,D,False,Steve,Wilkins,NC02_D_Wilkins
NC02,NC,2,319,North Carolina,,Renee Ellmers,R,True,Renee,Ellmers,NC02_R_Ellmers
NC03,NC,3,314,North Carolina,,Erik Anderson,D,False,Erik,Anderson,NC03_D_Anderson
NC03,NC,3,314,North Carolina,,Walter Jones,R,True,Walter,Jones,NC03_R_Jones
NC04,NC,4,320,North Carolina,,David Price,D,True,David,Price,NC04_D_Price
NC04,NC,4,320,North Carolina,,Tim D'Annunzio,R,False,Tim,D'Annunzio,NC04_R_D'Annunzio
NC05,NC,5,321,North Carolina,,Elisabeth Motsinger,D,False,Elisabeth,Motsinger,NC05_D_Motsinger
NC05,NC,5,321,North Carolina,,Virginia Foxx,R,True,Virginia,Foxx,NC05_R_Foxx
NC06,NC,6,322,North Carolina,,Tony Foriest,D,False,Tony,Foriest,NC06_D_Foriest
NC06,NC,6,322,North Carolina,,Howard Coble,R,True,Howard,Coble,NC06_R_Coble
NC07,NC,7,315,North Carolina,,Mike McIntyre,D,True,Mike,McIntyre,NC07_D_McIntyre
NC07,NC,7,315,North Carolina,,David Rouzer,R,False,David,Rouzer,NC07_R_Rouzer
NC08,NC,8,323,North Carolina,,Larry Kissell,D,True,Larry,Kissell,NC08_D_Kissell
NC08,NC,8,323,North Carolina,,Richard Hudson,R,False,Richard,Hudson,NC08_R_Hudson
NC09,NC,9,316,North Carolina,,Jennifer Roberts,D,False,Jennifer,Roberts,NC09_D_Roberts
NC09,NC,9,316,North Carolina,,Robert Pittenger,R,False,Robert,Pittenger,NC09_R_Pittenger
NC10,NC,10,324,North Carolina,,Patsy Keever,D,False,Patsy,Keever,NC10_D_Keever
NC10,NC,10,324,North Carolina,,Patrick McHenry,R,True,Patrick,McHenry,NC10_R_McHenry
NC11,NC,11,317,North Carolina,,Hayden Rogers,D,False,Hayden,Rogers,NC11_D_Rogers
NC11,NC,11,317,North Carolina,,Mark Meadows,R,False,Mark,Meadows,NC11_R_Meadows
NC12,NC,12,325,North Carolina,,Mel Watt,D,True,Mel,Watt,NC12_D_Watt
NC12,NC,12,325,North Carolina,,Jack Brosch,R,False,Jack,Brosch,NC12_R_Brosch
NC13,NC,13,326,North Carolina,,George Holding,R,False,George,Holding,NC13_R_Holding
NC13,NC,13,326,North Carolina,,Charles Malone,D,False,Charles,Malone,NC13_D_Malone
ND01,ND,1,330,North Dakota,,Pam Gulleson,D,False,Pam,Gulleson,ND01_D_Gulleson
ND01,ND,1,330,North Dakota,,Kevin Cramer,R,False,Kevin,Cramer,ND01_R_Cramer
NE01,NE,1,335,Nebraska,,Jeff Fortenberry,R,True,Jeff,Fortenberry,NE01_R_Fortenberry
NE01,NE,1,335,Nebraska,,Korey Reiman,D,False,Korey,Reiman,NE01_D_Reiman
NE02,NE,2,337,Nebraska,,Lee Terry,R,True,Lee,Terry,NE02_R_Terry
NE02,NE,2,337,Nebraska,,John Ewing,D,False,John,Ewing,NE02_D_Ewing
NE03,NE,3,336,Nebraska,,Adrian Smith,R,True,Adrian,Smith,NE03_R_Smith
NE03,NE,3,336,Nebraska,,Mark Sullivan,D,False,Mark,Sullivan,NE03_D_Sullivan
NH01,NH,1,341,New Hampshire,2012-09-11,none,none,none,none,none,none
NH02,NH,2,342,New Hampshire,2012-09-11,none,none,none,none,none,none
NJ01,NJ,1,345,New Jersey,,Robert Andrews,D,True,Robert,Andrews,NJ01_D_Andrews
NJ01,NJ,1,345,New Jersey,,Greg Horton,R,False,Greg,Horton,NJ01_R_Horton
NJ02,NJ,2,346,New Jersey,,Cassandra Shober,D,False,Cassandra,Shober,NJ02_D_Shober
NJ02,NJ,2,346,New Jersey,,Frank LoBiondo,R,True,Frank,LoBiondo,NJ02_R_LoBiondo
NJ03,NJ,3,351,New Jersey,,Shelley Adler,D,False,Shelley,Adler,NJ03_D_Adler
NJ03,NJ,3,351,New Jersey,,Jon Runyan,R,True,Jon,Runyan,NJ03_R_Runyan
NJ04,NJ,4,347,New Jersey,,Brian Froelich,D,False,Brian,Froelich,NJ04_D_Froelich
NJ04,NJ,4,347,New Jersey,,Chris Smith,R,True,Chris,Smith,NJ04_R_Smith
NJ05,NJ,5,348,New Jersey,,Adam Gussen,D,False,Adam,Gussen,NJ05_D_Gussen
NJ05,NJ,5,348,New Jersey,,Scott Garrett,R,True,Scott,Garrett,NJ05_R_Garrett
NJ06,NJ,6,349,New Jersey,,Frank Pallone,D,True,Frank,Pallone,NJ06_D_Pallone
NJ06,NJ,6,349,New Jersey,,Anna Little,R,False,Anna,Little,NJ06_R_Little
NJ07,NJ,7,352,New Jersey,,Upendra Chivukula,D,False,Upendra,Chivukula,NJ07_D_Chivukula
NJ07,NJ,7,352,New Jersey,,Leonard Lance,R,True,Leonard,Lance,NJ07_R_Lance
NJ08,NJ,8,350,New Jersey,,Albio Sires,D,True,Albio,Sires,NJ08_D_Sires
NJ08,NJ,8,350,New Jersey,,Maria Karczewski,R,False,Maria,Karczewski,NJ08_R_Karczewski
NJ09,NJ,9,355,New Jersey,,Bill Pascrell,D,True,Bill,Pascrell,NJ09_D_Pascrell
NJ09,NJ,9,355,New Jersey,,Shmuley Boteach,R,False,Shmuley,Boteach,NJ09_R_Boteach
NJ10,NJ,10,353,New Jersey,,Donald Payne Jr.,D,False,Donald,Payne Jr.,NJ10_D_Payne Jr.
NJ10,NJ,10,353,New Jersey,,Brian Kelemen,R,False,Brian,Kelemen,NJ10_R_Kelemen
NJ11,NJ,11,357,New Jersey,,John Arvanites,D,False,John,Arvanites,NJ11_D_Arvanites
NJ11,NJ,11,357,New Jersey,,Rodney Frelinghuysen,R,True,Rodney,Frelinghuysen,NJ11_R_Frelinghuysen
NJ12,NJ,12,354,New Jersey,,Rush Holt,D,True,Rush,Holt,NJ12_D_Holt
NJ12,NJ,12,354,New Jersey,,Eric Beck,R,False,Eric,Beck,NJ12_R_Beck
NM01,NM,1,360,New Mexico,,Janice Arnold-Jones,R,False,Janice,Arnold-Jones,NM01_R_Arnold-Jones
NM01,NM,1,360,New Mexico,,Michelle Lujan Grisham,D,False,Michelle,Lujan Grisham,NM01_D_Lujan Grisham
NM02,NM,2,363,New Mexico,,Steve Pearce,R,True,Steve,Pearce,NM02_R_Pearce
NM02,NM,2,363,New Mexico,,Evelyn Erhard,D,False,Evelyn,Erhard,NM02_D_Erhard
NM03,NM,3,361,New Mexico,,Jefferson Byrd,R,False,Jefferson,Byrd,NM03_R_Byrd
NM03,NM,3,361,New Mexico,,Ben R. Lujan,D,True,Ben,R. Lujan,NM03_D_R. Lujan
NV01,NV,1,366,Nevada,,Dina Titus,D,False,Dina,Titus,NV01_D_Titus
NV01,NV,1,366,Nevada,,Christopher Edwards,R,False,Christopher,Edwards,NV01_R_Edwards
NV02,NV,2,367,Nevada,,Samuel Koepnick,D,False,Samuel,Koepnick,NV02_D_Koepnick
NV02,NV,2,367,Nevada,,Mark Amodei,R,True,Mark,Amodei,NV02_R_Amodei
NV03,NV,3,369,Nevada,,John Oceguera,D,False,John,Oceguera,NV03_D_Oceguera
NV03,NV,3,369,Nevada,,Joe Heck,R,True,Joe,Heck,NV03_R_Heck
NV04,NV,4,604,Nevada,,Steven Horsford,D,False,Steven,Horsford,NV04_D_Horsford
NV04,NV,4,604,Nevada,,Danny Tarkanian,R,False,Danny,Tarkanian,NV04_R_Tarkanian
NY01,NY,1,372,New York,,Timothy Bishop,D,True,Timothy,Bishop,NY01_D_Bishop
NY01,NY,1,372,New York,,Randy Altschuler,R,False,Randy,Altschuler,NY01_R_Altschuler
NY02,NY,2,373,New York,,Vivianne Falcone,D,False,Vivianne,Falcone,NY02_D_Falcone
NY02,NY,2,373,New York,,Peter King,R,True,Peter,King,NY02_R_King
NY03,NY,3,374,New York,,Steve Israel,D,True,Steve,Israel,NY03_D_Israel
NY03,NY,3,374,New York,,Stephen Labate,R,False,Stephen,Labate,NY03_R_Labate
NY04,NY,4,375,New York,,Carolyn McCarthy,D,True,Carolyn,McCarthy,NY04_D_McCarthy
NY04,NY,4,375,New York,,Francis Becker,R,False,Francis,Becker,NY04_R_Becker
NY05,NY,5,376,New York,,Gregory Meeks,D,True,Gregory,Meeks,NY05_D_Meeks
NY05,NY,5,376,New York,,Allan Jennings,R,False,Allan,Jennings,NY05_R_Jennings
NY06,NY,6,377,New York,,Grace Meng,D,False,Grace,Meng,NY06_D_Meng
NY06,NY,6,377,New York,,Daniel Halloran,R,False,Daniel,Halloran,NY06_R_Halloran
NY07,NY,7,378,New York,,Nydia Velazquez,D,True,Nydia,Velazquez,NY07_D_Velazquez
NY08,NY,8,379,New York,,Hakeem Jeffries,D,False,Hakeem,Jeffries,NY08_D_Jeffries
NY08,NY,8,379,New York,,Alan Bellone,R,False,Alan,Bellone,NY08_R_Bellone
NY09,NY,9,380,New York,,Yvette Clarke,D,True,Yvette,Clarke,NY09_D_Clarke
NY09,NY,9,380,New York,,Daniel Cavanagh,R,False,Daniel,Cavanagh,NY09_R_Cavanagh
NY10,NY,10,381,New York,,Jerrold Nadler,D,True,Jerrold,Nadler,NY10_D_Nadler
NY10,NY,10,381,New York,,Michael Chan,R,False,Michael,Chan,NY10_R_Chan
NY11,NY,11,382,New York,,Mark Murphy,D,False,Mark,Murphy,NY11_D_Murphy
NY11,NY,11,382,New York,,Mike Grimm,R,True,Mike,Grimm,NY11_R_Grimm
NY12,NY,12,383,New York,,Carolyn Maloney,D,True,Carolyn,Maloney,NY12_D_Maloney
NY12,NY,12,383,New York,,Christopher Wight,R,False,Christopher,Wight,NY12_R_Wight
NY13,NY,13,384,New York,,Charles Rangel,D,True,Charles,Rangel,NY13_D_Rangel
NY14,NY,14,385,New York,,Joe Crowley,D,True,Joe,Crowley,NY14_D_Crowley
NY14,NY,14,385,New York,,William Gibbons,R,False,William,Gibbons,NY14_R_Gibbons
NY15,NY,15,386,New York,,Jose E. Serrano,D,True,Jose,E. Serrano,NY15_D_E. Serrano
NY15,NY,15,386,New York,,Frank Della Valle,R,False,Frank,Della Valle,NY15_R_Della Valle
NY16,NY,16,387,New York,,Eliot Engel,D,True,Eliot,Engel,NY16_D_Engel
NY16,NY,16,387,New York,,Joseph McLaughlin,R,False,Joseph,McLaughlin,NY16_R_McLaughlin
NY17,NY,17,388,New York,,Nita Lowey,D,True,Nita,Lowey,NY17_D_Lowey
NY17,NY,17,388,New York,,Joe Carvin,R,False,Joe,Carvin,NY17_R_Carvin
NY18,NY,18,389,New York,,Sean Maloney,D,False,Sean,Maloney,NY18_D_Maloney
NY18,NY,18,389,New York,,Nan Hayworth,R,True,Nan,Hayworth,NY18_R_Hayworth
NY19,NY,19,390,New York,,Julian Schreibman,D,False,Julian,Schreibman,NY19_D_Schreibman
NY19,NY,19,390,New York,,Christopher Gibson,R,True,Christopher,Gibson,NY19_R_Gibson
NY20,NY,20,391,New York,,Paul Tonko,D,True,Paul,Tonko,NY20_D_Tonko
NY20,NY,20,391,New York,,Robert Dieterich,R,False,Robert,Dieterich,NY20_R_Dieterich
NY21,NY,21,392,New York,,Bill Owens,D,True,Bill,Owens,NY21_D_Owens
NY21,NY,21,392,New York,,Matthew Doheny,R,False,Matthew,Doheny,NY21_R_Doheny
NY22,NY,22,393,New York,,Dan Lamb,D,False,Dan,Lamb,NY22_D_Lamb
NY22,NY,22,393,New York,,Richard Hanna,R,True,Richard,Hanna,NY22_R_Hanna
NY23,NY,23,394,New York,,Nate Shinagawa,D,False,Nate,Shinagawa,NY23_D_Shinagawa
NY23,NY,23,394,New York,,Thomas Reed,R,True,Thomas,Reed,NY23_R_Reed
NY24,NY,24,395,New York,,Daniel Maffei,D,False,Daniel,Maffei,NY24_D_Maffei
NY24,NY,24,395,New York,,Ann Marie Buerkle,R,True,Ann,Marie Buerkle,NY24_R_Marie Buerkle
NY25,NY,25,396,New York,,Louise Slaughter,D,True,Louise,Slaughter,NY25_D_Slaughter
NY25,NY,25,396,New York,,Maggie Brooks,R,False,Maggie,Brooks,NY25_R_Brooks
NY26,NY,26,397,New York,,Brian Higgins,D,True,Brian,Higgins,NY26_D_Higgins
NY26,NY,26,397,New York,,Michael Madigan,R,False,Michael,Madigan,NY26_R_Madigan
NY27,NY,27,398,New York,,Kathy Hochul,D,True,Kathy,Hochul,NY27_D_Hochul
NY27,NY,27,398,New York,,Chris Collins,R,False,Chris,Collins,NY27_R_Collins
OH01,OH,1,405,Ohio,,Steve Chabot,R,True,Steve,Chabot,OH01_R_Chabot
OH01,OH,1,405,Ohio,,Jeff Sinnard,D,False,Jeff,Sinnard,OH01_D_Sinnard
OH02,OH,2,422,Ohio,,Brad Wenstrup,R,False,Brad,Wenstrup,OH02_R_Wenstrup
OH02,OH,2,422,Ohio,,William Smith,D,False,William,Smith,OH02_D_Smith
OH03,OH,3,406,Ohio,,Joyce Beatty,D,False,Joyce,Beatty,OH03_D_Beatty
OH03,OH,3,406,Ohio,,Chris Long,R,False,Chris,Long,OH03_R_Long
OH04,OH,4,407,Ohio,,Jim Slone,D,False,Jim,Slone,OH04_D_Slone
OH04,OH,4,407,Ohio,,Jim Jordan,R,True,Jim,Jordan,OH04_R_Jordan
OH05,OH,5,408,Ohio,,Angela Zimmann,D,False,Angela,Zimmann,OH05_D_Zimmann
OH05,OH,5,408,Ohio,,Bob Latta,R,True,Bob,Latta,OH05_R_Latta
OH06,OH,6,409,Ohio,,Charlie Wilson,D,False,Charlie,Wilson,OH06_D_Wilson
OH06,OH,6,409,Ohio,,Bill Johnson,R,True,Bill,Johnson,OH06_R_Johnson
OH07,OH,7,410,Ohio,,Joyce Healy-Abrams,D,False,Joyce,Healy-Abrams,OH07_D_Healy-Abrams
OH07,OH,7,410,Ohio,,Bob Gibbs,R,True,Bob,Gibbs,OH07_R_Gibbs
OH08,OH,8,411,Ohio,,John Boehner,R,True,John,Boehner,OH08_R_Boehner
OH09,OH,9,412,Ohio,,Marcy Kaptur,D,True,Marcy,Kaptur,OH09_D_Kaptur
OH09,OH,9,412,Ohio,,Samuel Wurzelbacher,R,False,Samuel,Wurzelbacher,OH09_R_Wurzelbacher
OH10,OH,10,413,Ohio,,Sharen Swartz Neuhardt,D,False,Sharen,Swartz Neuhardt,OH10_D_Swartz Neuhardt
OH10,OH,10,413,Ohio,,Mike Turner,R,True,Mike,Turner,OH10_R_Turner
OH11,OH,11,414,Ohio,,Marcia Fudge,D,True,Marcia,Fudge,OH11_D_Fudge
OH12,OH,12,415,Ohio,,Jim Reese,D,False,Jim,Reese,OH12_D_Reese
OH12,OH,12,415,Ohio,,Pat Tiberi,R,True,Pat,Tiberi,OH12_R_Tiberi
OH13,OH,13,416,Ohio,,Tim Ryan,D,True,Tim,Ryan,OH13_D_Ryan
OH13,OH,13,416,Ohio,,Marisha Agana,R,False,Marisha,Agana,OH13_R_Agana
OH14,OH,14,417,Ohio,,Dale Blanchard,D,False,Dale,Blanchard,OH14_D_Blanchard
OH14,OH,14,417,Ohio,,Steven LaTourette,R,True,Steven,LaTourette,OH14_R_LaTourette
OH15,OH,15,418,Ohio,,Pat Lang,D,False,Pat,Lang,OH15_D_Lang
OH15,OH,15,418,Ohio,,Steve Stivers,R,True,Steve,Stivers,OH15_R_Stivers
OH16,OH,16,419,Ohio,,Betty Sutton,D,True,Betty,Sutton,OH16_D_Sutton
OH16,OH,16,419,Ohio,,Jim Renacci,R,True,Jim,Renacci,OH16_R_Renacci
OK01,OK,1,425,Oklahoma,,John Olson,D,False,John,Olson,OK01_D_Olson
OK01,OK,1,425,Oklahoma,,Jim Bridenstine,R,False,Jim,Bridenstine,OK01_R_Bridenstine
OK02,OK,2,428,Oklahoma,,Wayne Herriman,D,False,Wayne,Herriman,OK02_D_Herriman
OK02,OK,2,428,Oklahoma,,Rob Wallace,D,False,Rob,Wallace,OK02_D_Wallace
OK02,OK,2,428,Oklahoma,,George Faught,R,False,George,Faught,OK02_R_Faught
OK02,OK,2,428,Oklahoma,,Markwayne Mullin,R,False,Markwayne,Mullin,OK02_R_Mullin
OK03,OK,3,426,Oklahoma,,Timothy Murray,D,False,Timothy,Murray,OK03_D_Murray
OK03,OK,3,426,Oklahoma,,Frank Lucas,R,True,Frank,Lucas,OK03_R_Lucas
OK04,OK,4,427,Oklahoma,,Donna Bebo,D,False,Donna,Bebo,OK04_D_Bebo
OK04,OK,4,427,Oklahoma,,Tom Cole,R,True,Tom,Cole,OK04_R_Cole
OK05,OK,5,429,Oklahoma,,Tom Guild,D,False,Tom,Guild,OK05_D_Guild
OK05,OK,5,429,Oklahoma,,James Lankford,R,True,James,Lankford,OK05_R_Lankford
OR01,OR,1,434,Oregon,,Delinda Morgan,R,False,Delinda,Morgan,OR01_R_Morgan
OR01,OR,1,434,Oregon,,Suzanne Bonamici,D,True,Suzanne,Bonamici,OR01_D_Bonamici
OR02,OR,2,435,Oregon,,Joyce Segers,D,False,Joyce,Segers,OR02_D_Segers
OR02,OR,2,435,Oregon,,Greg Walden,R,True,Greg,Walden,OR02_R_Walden
OR03,OR,3,436,Oregon,,Earl Blumenauer,D,True,Earl,Blumenauer,OR03_D_Blumenauer
OR03,OR,3,436,Oregon,,Ronald Green,R,False,Ronald,Green,OR03_R_Green
OR04,OR,4,437,Oregon,,Peter DeFazio,D,True,Peter,DeFazio,OR04_D_DeFazio
OR04,OR,4,437,Oregon,,Art Robinson,R,False,Art,Robinson,OR04_R_Robinson
OR05,OR,5,438,Oregon,,Kurt Schrader,D,True,Kurt,Schrader,OR05_D_Schrader
OR05,OR,5,438,Oregon,,Fred Thompson,R,False,Fred,Thompson,OR05_R_Thompson
PA01,PA,1,441,Pennsylvania,,Robert Brady,D,True,Robert,Brady,PA01_D_Brady
PA01,PA,1,441,Pennsylvania,,John Featherman,R,False,John,Featherman,PA01_R_Featherman
PA02,PA,2,459,Pennsylvania,,Chaka Fattah,D,True,Chaka,Fattah,PA02_D_Fattah
PA02,PA,2,459,Pennsylvania,,Robert Mansfield,R,False,Robert,Mansfield,PA02_R_Mansfield
PA03,PA,3,442,Pennsylvania,,Missa Eaton,D,False,Missa,Eaton,PA03_D_Eaton
PA03,PA,3,442,Pennsylvania,,Mike Kelly,R,True,Mike,Kelly,PA03_R_Kelly
PA04,PA,4,443,Pennsylvania,,Harry Perkinson,D,False,Harry,Perkinson,PA04_D_Perkinson
PA04,PA,4,443,Pennsylvania,,Scott Perry,R,False,Scott,Perry,PA04_R_Perry
PA05,PA,5,444,Pennsylvania,,Charles Dumas,D,False,Charles,Dumas,PA05_D_Dumas
PA05,PA,5,444,Pennsylvania,,Glenn Thompson,R,True,Glenn,Thompson,PA05_R_Thompson
PA06,PA,6,445,Pennsylvania,,Manan Trivedi,D,False,Manan,Trivedi,PA06_D_Trivedi
PA06,PA,6,445,Pennsylvania,,Jim Gerlach,R,True,Jim,Gerlach,PA06_R_Gerlach
PA07,PA,7,446,Pennsylvania,,George Badey,D,False,George,Badey,PA07_D_Badey
PA07,PA,7,446,Pennsylvania,,Patrick Meehan,R,True,Patrick,Meehan,PA07_R_Meehan
PA08,PA,8,447,Pennsylvania,,Kathy Boockvar,D,False,Kathy,Boockvar,PA08_D_Boockvar
PA08,PA,8,447,Pennsylvania,,Mike Fitzpatrick,R,True,Mike,Fitzpatrick,PA08_R_Fitzpatrick
PA09,PA,9,460,Pennsylvania,,Bill Shuster,R,True,Bill,Shuster,PA09_R_Shuster
PA10,PA,10,448,Pennsylvania,,Philip Scollo,D,False,Philip,Scollo,PA10_D_Scollo
PA10,PA,10,448,Pennsylvania,,Thomas Marino,R,True,Thomas,Marino,PA10_R_Marino
PA11,PA,11,449,Pennsylvania,,Gene Stilp,D,False,Gene,Stilp,PA11_D_Stilp
PA11,PA,11,449,Pennsylvania,,Lou Barletta,R,True,Lou,Barletta,PA11_R_Barletta
PA12,PA,12,450,Pennsylvania,,Mark Critz,D,True,Mark,Critz,PA12_D_Critz
PA12,PA,12,450,Pennsylvania,,Keith Rothfus,R,False,Keith,Rothfus,PA12_R_Rothfus
PA13,PA,13,451,Pennsylvania,,Allyson Schwartz,D,True,Allyson,Schwartz,PA13_D_Schwartz
PA13,PA,13,451,Pennsylvania,,Joseph Rooney,R,False,Joseph,Rooney,PA13_R_Rooney
PA14,PA,14,452,Pennsylvania,,Mike Doyle,D,True,Mike,Doyle,PA14_D_Doyle
PA14,PA,14,452,Pennsylvania,,Hans Lessmann,R,False,Hans,Lessmann,PA14_R_Lessmann
PA15,PA,15,453,Pennsylvania,,Richard Daugherty,D,False,Richard,Daugherty,PA15_D_Daugherty
PA15,PA,15,453,Pennsylvania,,Charles Dent,R,True,Charles,Dent,PA15_R_Dent
PA16,PA,16,454,Pennsylvania,,Aryanna Strader,D,False,Aryanna,Strader,PA16_D_Strader
PA16,PA,16,454,Pennsylvania,,Joseph Pitts,R,True,Joseph,Pitts,PA16_R_Pitts
PA17,PA,17,455,Pennsylvania,,Matthew Cartwright,D,False,Matthew,Cartwright,PA17_D_Cartwright
PA17,PA,17,455,Pennsylvania,,Laureen Cummings,R,False,Laureen,Cummings,PA17_R_Cummings
PA18,PA,18,456,Pennsylvania,,Larry Maggi,D,False,Larry,Maggi,PA18_D_Maggi
PA18,PA,18,456,Pennsylvania,,Tim Murphy,R,True,Tim,Murphy,PA18_R_Murphy
RI01,RI,1,464,Rhode Island,2012-09-11,none,none,none,none,none,none
RI02,RI,2,465,Rhode Island,2012-09-11,none,none,none,none,none,none
SC01,SC,1,468,South Carolina,,Tim Scott,R,True,Tim,Scott,SC01_R_Scott
SC01,SC,1,468,South Carolina,,Bobbie Rose,D,False,Bobbie,Rose,SC01_D_Rose
SC02,SC,2,469,South Carolina,,Joe Wilson,R,True,Joe,Wilson,SC02_R_Wilson
SC03,SC,3,470,South Carolina,,Jeff Duncan,R,True,Jeff,Duncan,SC03_R_Duncan
SC03,SC,3,470,South Carolina,,Brian Doyle,D,False,Brian,Doyle,SC03_D_Doyle
SC04,SC,4,472,South Carolina,,Trey Gowdy,R,True,Trey,Gowdy,SC04_R_Gowdy
SC04,SC,4,472,South Carolina,,Deb Morrow,D,False,Deb,Morrow,SC04_D_Morrow
SC05,SC,5,473,South Carolina,,Mick Mulvaney,R,True,Mick,Mulvaney,SC05_R_Mulvaney
SC05,SC,5,473,South Carolina,,Joyce Knott,D,False,Joyce,Knott,SC05_D_Knott
SC06,SC,6,474,South Carolina,,Jim Clyburn,D,True,Jim,Clyburn,SC06_D_Clyburn
SC07,SC,7,605,South Carolina,,Gloria Bromell Tinubu,D,False,Gloria,Bromell Tinubu,SC07_D_Bromell Tinubu
SC07,SC,7,605,South Carolina,,Tom Rice,R,False,Tom,Rice,SC07_R_Rice
SD01,SD,1,477,South Dakota,,Matt Varilek,D,False,Matt,Varilek,SD01_D_Varilek
SD01,SD,1,477,South Dakota,,Kristi Noem,R,True,Kristi,Noem,SD01_R_Noem
TN01,TN,1,481,Tennessee,,none,none,none,none,none,none
TN02,TN,2,482,Tennessee,,none,none,none,none,none,none
TN03,TN,3,483,Tennessee,,none,none,none,none,none,none
TN04,TN,4,484,Tennessee,,none,none,none,none,none,none
TN05,TN,5,485,Tennessee,,none,none,none,none,none,none
TN06,TN,6,486,Tennessee,,none,none,none,none,none,none
TN07,TN,7,487,Tennessee,,none,none,none,none,none,none
TN08,TN,8,488,Tennessee,,none,none,none,none,none,none
TN09,TN,9,489,Tennessee,,none,none,none,none,none,none
TX01,TX,1,493,Texas,,Shirley McKellar,D,False,Shirley,McKellar,TX01_D_McKellar
TX01,TX,1,493,Texas,,Louie Gohmert,R,True,Louie,Gohmert,TX01_R_Gohmert
TX02,TX,2,494,Texas,,Jim Dougherty,D,False,Jim,Dougherty,TX02_D_Dougherty
TX02,TX,2,494,Texas,,Ted Poe,R,True,Ted,Poe,TX02_R_Poe
TX03,TX,3,495,Texas,,Sam Johnson,R,True,Sam,Johnson,TX03_R_Johnson
TX04,TX,4,496,Texas,,VaLinda Hathcox,D,False,VaLinda,Hathcox,TX04_D_Hathcox
TX04,TX,4,496,Texas,,Ralph Hall,R,True,Ralph,Hall,TX04_R_Hall
TX05,TX,5,497,Texas,,Tom Berry,D,False,Tom,Berry,TX05_D_Berry
TX05,TX,5,497,Texas,,Linda Mrosko,D,False,Linda,Mrosko,TX05_D_Mrosko
TX05,TX,5,497,Texas,,Jeb Hensarling,R,True,Jeb,Hensarling,TX05_R_Hensarling
TX06,TX,6,498,Texas,,Kenneth Sanders,D,False,Kenneth,Sanders,TX06_D_Sanders
TX06,TX,6,498,Texas,,Joe Barton,R,True,Joe,Barton,TX06_R_Barton
TX07,TX,7,499,Texas,,James Cargas,D,False,James,Cargas,TX07_D_Cargas
TX07,TX,7,499,Texas,,Lissa Squiers,D,False,Lissa,Squiers,TX07_D_Squiers
TX07,TX,7,499,Texas,,John Culberson,R,True,John,Culberson,TX07_R_Culberson
TX08,TX,8,500,Texas,,Neil Burns,D,False,Neil,Burns,TX08_D_Burns
TX08,TX,8,500,Texas,,Kevin Brady,R,True,Kevin,Brady,TX08_R_Brady
TX09,TX,9,501,Texas,,Al Green,D,True,Al,Green,TX09_D_Green
TX09,TX,9,501,Texas,,Steve Mueller,R,False,Steve,Mueller,TX09_R_Mueller
TX10,TX,10,502,Texas,,Tawana Cadien,D,False,Tawana,Cadien,TX10_D_Cadien
TX10,TX,10,502,Texas,,Michael McCaul,R,True,Michael,McCaul,TX10_R_McCaul
TX11,TX,11,503,Texas,,Jim Riley,D,False,Jim,Riley,TX11_D_Riley
TX11,TX,11,503,Texas,,Mike Conaway,R,True,Mike,Conaway,TX11_R_Conaway
TX12,TX,12,504,Texas,,Dave Robinson,D,False,Dave,Robinson,TX12_D_Robinson
TX12,TX,12,504,Texas,,Kay Granger,R,True,Kay,Granger,TX12_R_Granger
TX13,TX,13,505,Texas,,Mac Thornberry,R,True,Mac,Thornberry,TX13_R_Thornberry
TX14,TX,14,506,Texas,,Nick Lampson,D,False,Nick,Lampson,TX14_D_Lampson
TX14,TX,14,506,Texas,,Felicia Harris,R,False,Felicia,Harris,TX14_R_Harris
TX14,TX,14,506,Texas,,Randy Weber,R,False,Randy,Weber,TX14_R_Weber
TX15,TX,15,507,Texas,,Ruben Hinojosa,D,True,Ruben,Hinojosa,TX15_D_Hinojosa
TX15,TX,15,507,Texas,,Eddie Zamora,R,False,Eddie,Zamora,TX15_R_Zamora
TX15,TX,15,507,Texas,,Dale Brueggemann,R,False,Dale,Brueggemann,TX15_R_Brueggemann
TX16,TX,16,508,Texas,,Beto O'Rourke,D,False,Beto,O'Rourke,TX16_D_O'Rourke
TX16,TX,16,508,Texas,,Barbara Carrasco,R,False,Barbara,Carrasco,TX16_R_Carrasco
TX17,TX,17,509,Texas,,Bill Flores,R,True,Bill,Flores,TX17_R_Flores
TX18,TX,18,510,Texas,,Sheila Jackson Lee,D,True,Sheila,Jackson Lee,TX18_D_Jackson Lee
TX18,TX,18,510,Texas,,Sean Seibert,R,False,Sean,Seibert,TX18_R_Seibert
TX19,TX,19,511,Texas,,Randy Neugebauer,R,True,Randy,Neugebauer,TX19_R_Neugebauer
TX20,TX,20,512,Texas,,Joaquin Castro,D,False,Joaquin,Castro,TX20_D_Castro
TX20,TX,20,512,Texas,,David Rosa,R,False,David,Rosa,TX20_R_Rosa
TX21,TX,21,513,Texas,,Candace Duval,D,False,Candace,Duval,TX21_D_Duval
TX21,TX,21,513,Texas,,Lamar Smith,R,True,Lamar,Smith,TX21_R_Smith
TX22,TX,22,514,Texas,,Kesha Rogers,D,False,Kesha,Rogers,TX22_D_Rogers
TX22,TX,22,514,Texas,,Pete Olson,R,True,Pete,Olson,TX22_R_Olson
TX23,TX,23,515,Texas,,Pete Gallego,D,False,Pete,Gallego,TX23_D_Gallego
TX23,TX,23,515,Texas,,Ciro Rodriguez,D,False,Ciro,Rodriguez,TX23_D_Rodriguez
TX23,TX,23,515,Texas,,Quico Canseco,R,True,Quico,Canseco,TX23_R_Canseco
TX24,TX,24,516,Texas,,Tim Rusk,D,False,Tim,Rusk,TX24_D_Rusk
TX24,TX,24,516,Texas,,Kenny Marchant,R,True,Kenny,Marchant,TX24_R_Marchant
TX25,TX,25,517,Texas,,Elaine Henderson,D,False,Elaine,Henderson,TX25_D_Henderson
TX25,TX,25,517,Texas,,Wes Riddle,R,False,Wes,Riddle,TX25_R_Riddle
TX25,TX,25,517,Texas,,Roger Williams,R,False,Roger,Williams,TX25_R_Williams
TX26,TX,26,518,Texas,,David Sanchez,D,False,David,Sanchez,TX26_D_Sanchez
TX26,TX,26,518,Texas,,Michael Burgess,R,True,Michael,Burgess,TX26_R_Burgess
TX27,TX,27,519,Texas,,Rose Harrison,D,False,Rose,Harrison,TX27_D_Harrison
TX27,TX,27,519,Texas,,Jerry Trevino,D,False,Jerry,Trevino,TX27_D_Trevino
TX27,TX,27,519,Texas,,Blake Farenthold,R,True,Blake,Farenthold,TX27_R_Farenthold
TX28,TX,28,523,Texas,,Henry Cuellar,D,True,Henry,Cuellar,TX28_D_Cuellar
TX28,TX,28,523,Texas,,William Hayward,R,False,William,Hayward,TX28_R_Hayward
TX29,TX,29,520,Texas,,Gene Green,D,True,Gene,Green,TX29_D_Green
TX30,TX,30,521,Texas,,Eddie Bernice Johnson,D,True,Eddie,Bernice Johnson,TX30_D_Bernice Johnson
TX30,TX,30,521,Texas,,Travis Washington,R,False,Travis,Washington,TX30_R_Washington
TX31,TX,31,524,Texas,,Stephen Wyman,D,False,Stephen,Wyman,TX31_D_Wyman
TX31,TX,31,524,Texas,,John Carter,R,True,John,Carter,TX31_R_Carter
TX32,TX,32,525,Texas,,Katherine McGovern,D,False,Katherine,McGovern,TX32_D_McGovern
TX32,TX,32,525,Texas,,Pete Sessions,R,True,Pete,Sessions,TX32_R_Sessions
TX33,TX,33,606,Texas,,Marc Veasey,D,False,Marc,Veasey,TX33_D_Veasey
TX33,TX,33,606,Texas,,Domingo Garcia,D,False,Domingo,Garcia,TX33_D_Garcia
TX33,TX,33,606,Texas,,Chuck Bradley,R,False,Chuck,Bradley,TX33_R_Bradley
TX34,TX,34,607,Texas,,Denise Blanchard,D,False,Denise,Blanchard,TX34_D_Blanchard
TX34,TX,34,607,Texas,,Filemon Vela,D,False,Filemon,Vela,TX34_D_Vela
TX34,TX,34,607,Texas,,Jessica Bradshaw,R,False,Jessica,Bradshaw,TX34_R_Bradshaw
TX34,TX,34,607,Texas,,Adela Garza,R,False,Adela,Garza,TX34_R_Garza
TX35,TX,35,608,Texas,,Lloyd Doggett,D,True,Lloyd,Doggett,TX35_D_Doggett
TX35,TX,35,608,Texas,,Susan Narvaiz,R,False,Susan,Narvaiz,TX35_R_Narvaiz
TX36,TX,36,609,Texas,,Max Martin,D,False,Max,Martin,TX36_D_Martin
TX36,TX,36,609,Texas,,Stephen Takach,R,False,Stephen,Takach,TX36_R_Takach
TX36,TX,36,609,Texas,,Steve Stockman,R,False,Steve,Stockman,TX36_R_Stockman
UT01,UT,1,528,Utah,,Donna McAleer,D,False,Donna,McAleer,UT01_D_McAleer
UT01,UT,1,528,Utah,,Rob Bishop,R,True,Rob,Bishop,UT01_R_Bishop
UT02,UT,2,529,Utah,,Jay Seegmiller,D,False,Jay,Seegmiller,UT02_D_Seegmiller
UT02,UT,2,529,Utah,,Chris Stewart,R,False,Chris,Stewart,UT02_R_Stewart
UT03,UT,3,530,Utah,,Soren Simonsen,D,False,Soren,Simonsen,UT03_D_Simonsen
UT03,UT,3,530,Utah,,Jason Chaffetz,R,True,Jason,Chaffetz,UT03_R_Chaffetz
UT04,UT,4,610,Utah,,Jim Matheson,D,True,Jim,Matheson,UT04_D_Matheson
UT04,UT,4,610,Utah,,Mia Love,R,False,Mia,Love,UT04_R_Love
VA01,VA,1,534,Virginia,,Rob Wittman,R,True,Rob,Wittman,VA01_R_Wittman
VA01,VA,1,534,Virginia,,Adam Cook,D,False,Adam,Cook,VA01_D_Cook
VA02,VA,2,535,Virginia,,Scott Rigell,R,True,Scott,Rigell,VA02_R_Rigell
VA02,VA,2,535,Virginia,,Paul Hirschbiel,D,False,Paul,Hirschbiel,VA02_D_Hirschbiel
VA03,VA,3,536,Virginia,,Dean Longo,R,False,Dean,Longo,VA03_R_Longo
VA03,VA,3,536,Virginia,,Bobby Scott,D,True,Bobby,Scott,VA03_D_Scott
VA04,VA,4,537,Virginia,,Ella Ward,D,False,Ella,Ward,VA04_D_Ward
VA04,VA,4,537,Virginia,,Randy Forbes,R,True,Randy,Forbes,VA04_R_Forbes
VA05,VA,5,538,Virginia,,Robert Hurt,R,True,Robert,Hurt,VA05_R_Hurt
VA05,VA,5,538,Virginia,,John Douglass,D,False,John,Douglass,VA05_D_Douglass
VA06,VA,6,539,Virginia,,Robert Goodlatte,R,True,Robert,Goodlatte,VA06_R_Goodlatte
VA06,VA,6,539,Virginia,,Andy Schmookler,D,False,Andy,Schmookler,VA06_D_Schmookler
VA07,VA,7,540,Virginia,,Eric Cantor,R,True,Eric,Cantor,VA07_R_Cantor
VA07,VA,7,540,Virginia,,Wayne Powell,D,False,Wayne,Powell,VA07_D_Powell
VA08,VA,8,541,Virginia,,James Moran,D,True,James,Moran,VA08_D_Moran
VA08,VA,8,541,Virginia,,Patrick Murray,R,False,Patrick,Murray,VA08_R_Murray
VA09,VA,9,542,Virginia,,Morgan Griffith,R,True,Morgan,Griffith,VA09_R_Griffith
VA09,VA,9,542,Virginia,,Anthony Flaccavento,D,False,Anthony,Flaccavento,VA09_D_Flaccavento
VA10,VA,10,543,Virginia,,Frank Wolf,R,True,Frank,Wolf,VA10_R_Wolf
VA10,VA,10,543,Virginia,,Kristin Cabral,D,False,Kristin,Cabral,VA10_D_Cabral
VA11,VA,11,544,Virginia,,Chris Perkins,R,False,Chris,Perkins,VA11_R_Perkins
VA11,VA,11,544,Virginia,,Gerry Connolly,R,True,Gerry,Connolly,VA11_R_Connolly
VT01,VT,1,548,Vermont,,none,none,none,none,none,none
WA01,WA,1,552,Washington,,none,none,none,none,none,none
WA02,WA,2,554,Washington,,none,none,none,none,none,none
WA03,WA,3,555,Washington,,none,none,none,none,none,none
WA04,WA,4,556,Washington,,none,none,none,none,none,none
WA05,WA,5,557,Washington,,none,none,none,none,none,none
WA06,WA,6,558,Washington,,none,none,none,none,none,none
WA07,WA,7,559,Washington,,none,none,none,none,none,none
WA08,WA,8,560,Washington,,none,none,none,none,none,none
WA09,WA,9,553,Washington,,none,none,none,none,none,none
WA10,WA,10,611,Washington,,none,none,none,none,none,none
WI01,WI,1,565,Wisconsin,,none,none,none,none,none,none
WI02,WI,2,566,Wisconsin,,none,none,none,none,none,none
WI03,WI,3,567,Wisconsin,,none,none,none,none,none,none
WI04,WI,4,568,Wisconsin,,none,none,none,none,none,none
WI05,WI,5,569,Wisconsin,,none,none,none,none,none,none
WI06,WI,6,570,Wisconsin,,none,none,none,none,none,none
WI07,WI,7,571,Wisconsin,,none,none,none,none,none,none
WI08,WI,8,572,Wisconsin,,none,none,none,none,none,none
WV01,WV,1,575,West Virginia,,Sue Thorn,D,False,Sue,Thorn,WV01_D_Thorn
WV01,WV,1,575,West Virginia,,David McKinley,R,True,David,McKinley,WV01_R_McKinley
WV02,WV,2,576,West Virginia,,Howard Swint,D,False,Howard,Swint,WV02_D_Swint
WV02,WV,2,576,West Virginia,,Shelley Capito,R,True,Shelley,Capito,WV02_R_Capito
WV03,WV,3,577,West Virginia,,Nick Rahall,D,True,Nick,Rahall,WV03_D_Rahall
WV03,WV,3,577,West Virginia,,Rick Snuffer,R,False,Rick,Snuffer,WV03_R_Snuffer
WY01,WY,1,581,Wyoming,,none,none,none,none,none,none
